date,BMC,jo_RIM,Pre_ramadan,Ramadan,Pre_Afitr,Post_AFitr,Pre_Akebir,Post_Akebir,Pre_ferie,Post_ferie,Pre_elec,Post_elec,Achat_or,Last_Day,First_Day
2018-04-02,17.35565329035,1,0,0,0,0,0,0,0,0,0,0,0.0,0,0
2018-04-03,17.44252128755,1,0,0,0,0,0,0,0,0,0,0,0.0,0,0
2018-04-04,17.48763811365,1,0,0,0,0,0,0,0,0,0,0,0.0,0,0
2018-04-05,17.44293955073,1,0,0,0,0,0,0,0,0,0,0,0.0,0,0
2018-04-06,17.63649477373,1,0,0,0,0,0,0,0,0,0,0,0.0,0,0
2018-04-09,17.544535651830003,1,0,0,0,0,0,0,0,0,0,0,0.0,0,0
2018-04-10,17.505403252729998,1,0,0,0,0,0,0,0,0,0,0,0.0,0,0
2018-04-11,17.56906739288,1,0,0,0,0,0,0,0,0,0,0,0.0,0,0
2018-04-12,17.52393039648,1,0,0,0,0,0,0,0,0,0,0,0.0,0,0
2018-04-13,17.54296329368,1,0,0,0,0,0,0,0,0,0,0,0.0,0,0
2018-04-16,17.450439940779997,1,0,0,0,0,0,0,0,0,0,0,0.0,0,0
2018-04-17,17.41322588158,1,0,0,0,0,0,0,0,0,0,0,0.0,0,0
2018-04-18,17.36965807308,1,0,0,0,0,0,0,0,0,0,0,0.0,0,0
2018-04-19,17.314974071279998,1,0,0,0,0,0,0,0,0,0,0,0.0,0,0
2018-04-20,17.37231221208,1,0,0,0,0,0,0,0,0,0,0,0.0,0,0
2018-04-23,17.17753377398,1,0,0,0,0,0,0,0,0,0,0,0.0,0,0
2018-04-24,17.16413636898,1,0,0,0,0,0,0,0,0,0,0,0.0,0,0
2018-04-25,17.227725002139998,1,0,0,0,0,0,0,0,0,0,0,0.0,0,0
2018-04-26,17.18523488449,1,0,0,0,0,0,0,0,0,0,0,0.0,0,0
2018-04-27,17.218661522740003,1,0,0,0,0,0,0,0,0,0,0,0.0,0,0
2018-04-30,17.23783669,1,0,0,0,0,0,0,1,0,0,0,0.0,0,0
2018-05-01,17.23783669,0,0,0,0,0,0,0,0,0,0,0,0.0,0,0
2018-05-02,17.3671479329,1,0,0,0,0,0,0,0,1,0,0,0.0,0,0
2018-05-03,17.3785034055,1,0,0,0,0,0,0,0,0,0,0,0.0,0,0
2018-05-04,17.417402810099997,1,0,0,0,0,0,0,0,0,0,0,0.0,0,0
2018-05-07,17.3963759172,1,0,0,0,0,0,0,0,0,0,0,0.0,0,0
2018-05-08,17.2839576748,1,0,0,0,0,0,0,0,0,0,0,0.0,0,0
2018-05-09,17.27103868355,1,0,0,0,0,0,0,0,0,0,0,0.0,0,0
2018-05-10,17.429939662549998,1,5,0,0,0,0,0,0,0,0,0,0.0,0,0
2018-05-11,17.416042057549998,1,4,0,0,0,0,0,0,0,0,0,0.0,0,0
2018-05-14,17.36466246995,1,3,0,0,0,0,0,0,0,0,0,0.0,0,0
2018-05-15,17.233866705150003,1,2,0,0,0,0,0,0,0,0,0,0.0,0,0
2018-05-16,17.23073840335,1,1,0,0,0,0,0,0,0,0,0,0.0,0,0
2018-05-17,17.16729717745,1,0,1,0,0,0,0,0,0,0,0,0.0,0,0
2018-05-18,17.17144039325,1,0,2,0,0,0,0,0,0,0,0,0.0,0,0
2018-05-21,17.12269538925,1,0,3,0,0,0,0,0,0,0,0,0.0,0,0
2018-05-22,17.11687643635,1,0,4,0,0,0,0,0,0,0,0,0.0,0,0
2018-05-23,17.06080290195,1,0,5,0,0,0,0,0,0,0,0,0.0,0,0
2018-05-24,17.07974793555,1,0,0,0,0,0,0,1,0,0,0,0.0,0,0
2018-05-25,17.07974793555,0,0,0,0,0,0,0,0,0,0,0,0.0,0,0
2018-05-28,17.04139236045,1,0,0,0,0,0,0,0,0,0,0,0.0,0,0
2018-05-29,17.0224042486,1,0,0,0,0,0,0,0,0,0,0,0.0,0,0
2018-05-30,17.0077250076,1,0,0,0,0,0,0,0,0,0,0,0.0,0,0
2018-05-31,17.0532144575,1,0,0,0,0,0,0,0,0,0,0,0.0,0,0
2018-06-01,17.0762690155,1,0,0,0,0,0,0,0,0,0,0,0.0,0,0
2018-06-04,17.0880742978,1,0,0,0,0,0,0,0,0,0,0,0.0,0,0
2018-06-05,17.0607789449,1,0,0,0,0,0,0,0,0,0,0,0.0,0,0
2018-06-06,17.1882681059,1,0,0,0,0,0,0,0,0,0,0,0.0,0,0
2018-06-07,17.2390013439,1,0,0,0,0,0,0,0,0,0,0,0.0,0,0
2018-06-08,17.252323044900002,1,0,0,0,0,0,0,0,0,0,0,0.0,0,0
2018-06-11,17.483414337299997,1,0,0,4,0,0,0,0,0,0,0,0.0,0,0
2018-06-12,17.5648667183,1,0,0,3,0,0,0,0,0,0,0,0.0,0,0
2018-06-13,17.793406056,1,0,0,2,0,0,0,0,0,0,0,0.0,0,0
2018-06-14,17.952550909299998,1,0,0,1,0,0,0,0,0,0,0,0.0,0,0
2018-06-15,17.952550909299998,0,0,0,0,0,0,0,0,0,0,0,0.0,0,0
2018-06-18,18.0549392858,1,0,0,0,1,0,0,0,0,0,0,0.0,0,0
2018-06-19,18.0500519736,1,0,0,0,2,0,0,0,0,0,0,0.0,0,0
2018-06-20,18.071028331599997,1,0,0,0,3,0,0,0,0,0,0,0.0,0,0
2018-06-21,17.978759459099997,1,0,0,0,4,0,0,0,0,0,0,0.0,0,0
2018-06-22,17.9511895035,1,0,0,0,5,0,0,0,0,0,0,0.0,0,0
2018-06-25,17.993727491799998,1,0,0,0,0,0,0,0,0,0,0,0.0,0,0
2018-06-26,17.9486136476,1,0,0,0,0,0,0,0,0,0,0,0.0,0,0
2018-06-27,17.8647399656,1,0,0,0,0,0,0,0,0,0,0,0.0,0,0
2018-06-28,17.8704183736,1,0,0,0,0,0,0,0,0,0,0,0.0,0,0
2018-06-29,17.8684988719,1,0,0,0,0,0,0,0,0,0,0,0.0,0,0
2018-07-02,17.8618519457,1,0,0,0,0,0,0,0,0,0,0,0.0,0,0
2018-07-03,17.9137261475,1,0,0,0,0,0,0,0,0,0,0,0.0,0,0
2018-07-04,18.0023043165,1,0,0,0,0,0,0,0,0,0,0,0.0,0,0
2018-07-05,17.923159953099997,1,0,0,0,0,0,0,0,0,0,0,0.0,0,0
2018-07-06,18.053939505099997,1,0,0,0,0,0,0,0,0,0,0,0.0,0,0
2018-07-09,18.0085530934,1,0,0,0,0,0,0,0,0,0,0,0.0,0,0
2018-07-10,18.007222104599997,1,0,0,0,0,0,0,0,0,0,0,0.0,0,0
2018-07-11,17.7852510829,1,0,0,0,0,0,0,0,0,0,0,0.0,0,0
2018-07-12,17.8581888569,1,0,0,0,0,0,0,0,0,0,0,0.0,0,0
2018-07-13,18.0108918339,1,0,0,0,0,0,0,0,0,0,0,0.0,0,0
2018-07-16,18.041460897900002,1,0,0,0,0,0,0,0,0,0,0,0.0,0,0
2018-07-17,17.9917775207,1,0,0,0,0,0,0,0,0,0,0,0.0,0,0
2018-07-18,17.979437819,1,0,0,0,0,0,0,0,0,0,0,0.0,0,0
2018-07-19,17.884315823900003,1,0,0,0,0,0,0,0,0,0,0,0.0,0,0
2018-07-20,17.8930412065,1,0,0,0,0,0,0,0,0,0,0,0.0,0,0
2018-07-23,17.8690035781,1,0,0,0,0,0,0,0,0,0,0,0.0,0,0
2018-07-24,18.1147338998,1,0,0,0,0,0,0,0,0,0,0,0.0,0,0
2018-07-25,18.0969419482,1,0,0,0,0,0,0,0,0,0,0,0.0,0,0
2018-07-26,18.0969726494,1,0,0,0,0,0,0,0,0,0,0,0.0,0,0
2018-07-27,18.122266639400003,1,0,0,0,0,0,0,0,0,0,0,0.0,0,0
2018-07-30,18.143260726,1,0,0,0,0,0,0,0,0,0,0,0.0,0,0
2018-07-31,18.2703326173,1,0,0,0,0,0,0,0,0,0,0,0.0,0,0
2018-08-01,18.2256542413,1,0,0,0,0,0,0,0,0,0,0,0.0,0,0
2018-08-02,18.322407488400003,1,0,0,0,0,0,0,0,0,0,0,0.0,0,0
2018-08-03,18.375882264580003,1,0,0,0,0,0,0,0,0,0,0,0.0,0,0
2018-08-06,18.487007479779997,1,0,0,0,0,0,0,0,0,0,0,0.0,0,0
2018-08-07,18.68787557058,1,0,0,0,0,0,0,0,0,0,0,0.0,0,0
2018-08-08,18.86655368098,1,0,0,0,0,0,0,0,0,0,0,0.0,0,0
2018-08-09,18.85278843103,1,0,0,0,0,0,0,0,0,0,0,0.0,0,0
2018-08-10,18.92126183793,1,0,0,0,0,0,0,0,0,0,0,0.0,0,0
2018-08-13,19.01827113273,1,0,0,0,0,0,0,0,0,0,0,0.0,0,0
2018-08-14,19.20345751193,1,0,0,0,0,5,0,0,0,0,0,0.0,0,0
2018-08-15,19.159594288930002,1,0,0,0,0,4,0,0,0,0,0,0.0,0,0
2018-08-16,19.44231970493,1,0,0,0,0,3,0,0,0,0,0,0.0,0,0
2018-08-17,19.655692274529997,1,0,0,0,0,2,0,0,0,0,0,0.0,0,0
2018-08-20,19.72513528533,1,0,0,0,0,1,0,0,0,0,0,0.0,0,0
2018-08-21,19.72513528533,0,0,0,0,0,0,0,0,0,0,0,0.0,0,0
2018-08-22,19.72513528533,0,0,0,0,0,0,0,0,0,0,0,0.0,0,0
2018-08-23,19.87127510913,1,0,0,0,0,0,1,0,0,0,0,0.0,0,0
2018-08-24,19.940949049529998,1,0,0,0,0,0,2,0,0,0,0,0.0,0,0
2018-08-27,19.92095693813,1,0,0,0,0,0,3,0,0,5,0,0.0,0,0
2018-08-28,19.90269592113,1,0,0,0,0,0,0,0,0,4,0,0.0,0,0
2018-08-29,19.95158690813,1,0,0,0,0,0,0,0,0,3,0,0.0,0,0
2018-08-30,19.865457429430002,1,0,0,0,0,0,0,0,0,2,0,0.0,0,0
2018-08-31,19.87697254843,1,0,0,0,0,0,0,0,0,1,0,0.0,0,0
2018-09-03,19.872966464380003,1,0,0,0,0,0,0,0,0,0,0,0.0,0,0
2018-09-04,19.87215257578,1,0,0,0,0,0,0,0,0,0,0,0.0,0,0
2018-09-05,19.80977512498,1,0,0,0,0,0,0,0,0,0,0,0.0,0,0
2018-09-06,19.76014461378,1,0,0,0,0,0,0,0,0,0,0,0.0,0,0
2018-09-07,19.798501717580002,1,0,0,0,0,0,0,0,0,5,0,0.0,0,0
2018-09-10,19.78162219948,1,0,0,0,0,0,0,1,0,4,0,0.0,0,0
2018-09-11,19.78162219948,0,0,0,0,0,0,0,0,0,0,0,0.0,0,0
2018-09-12,19.849001837080003,1,0,0,0,0,0,0,0,1,3,0,0.0,0,0
2018-09-13,19.77605731788,1,0,0,0,0,0,0,0,0,2,0,0.0,0,0
2018-09-14,19.78815426948,1,0,0,0,0,0,0,0,0,1,0,0.0,0,0
2018-09-17,19.71918872278,1,0,0,0,0,0,0,0,0,0,1,0.0,0,0
2018-09-18,19.72953721788,1,0,0,0,0,0,0,0,0,0,2,0.0,0,0
2018-09-19,19.72363672058,1,0,0,0,0,0,0,0,0,0,3,0.0,0,0
2018-09-20,19.72590925078,1,0,0,0,0,0,0,0,0,0,4,0.0,0,0
2018-09-21,19.74049242738,1,0,0,0,0,0,0,0,0,0,5,0.0,0,0
2018-09-24,19.78269599838,1,0,0,0,0,0,0,0,0,0,0,0.0,0,0
2018-09-25,19.751024767279997,1,0,0,0,0,0,0,0,0,0,0,0.0,0,0
2018-09-26,19.66010136248,1,0,0,0,0,0,0,0,0,0,0,0.0,0,0
2018-09-27,19.624334310880002,1,0,0,0,0,0,0,0,0,0,0,0.0,0,0
2018-09-28,19.60037561068,1,0,0,0,0,0,0,0,0,0,0,0.0,0,0
2018-10-01,19.50867240958,1,0,0,0,0,0,0,0,0,0,0,0.0,0,0
2018-10-02,19.35457475738,1,0,0,0,0,0,0,0,0,0,0,0.0,0,0
2018-10-03,19.363777804580003,1,0,0,0,0,0,0,0,0,0,0,0.0,0,0
2018-10-04,19.39787037936,1,0,0,0,0,0,0,0,0,0,0,0.0,0,0
2018-10-05,19.48832603116,1,0,0,0,0,0,0,0,0,0,0,0.0,0,0
2018-10-08,19.45472239026,1,0,0,0,0,0,0,0,0,0,0,0.0,0,0
2018-10-09,19.481740668860002,1,0,0,0,0,0,0,0,0,0,0,0.0,0,0
2018-10-10,19.480617479459998,1,0,0,0,0,0,0,0,0,0,0,0.0,0,0
2018-10-11,19.296230375060002,1,0,0,0,0,0,0,0,0,0,0,0.0,0,0
2018-10-12,19.33102136806,1,0,0,0,0,0,0,0,0,0,0,0.0,0,0
2018-10-15,19.28785449826,1,0,0,0,0,0,0,0,0,0,0,0.0,0,0
2018-10-16,19.25391144406,1,0,0,0,0,0,0,0,0,0,0,0.0,0,0
2018-10-17,19.16499617586,1,0,0,0,0,0,0,0,0,0,0,0.0,0,0
2018-10-18,19.08380864246,1,0,0,0,0,0,0,0,0,0,0,0.0,0,0
2018-10-19,19.13636391046,1,0,0,0,0,0,0,0,0,0,0,0.0,0,0
2018-10-22,19.047825207259997,1,0,0,0,0,0,0,0,0,0,0,0.0,0,0
2018-10-23,18.957133312259998,1,0,0,0,0,0,0,0,0,0,0,0.0,0,0
2018-10-24,18.92430199326,1,0,0,0,0,0,0,0,0,0,0,0.0,0,0
2018-10-25,18.921084671259997,1,0,0,0,0,0,0,0,0,0,0,0.0,0,0
2018-10-26,18.963619284860002,1,0,0,0,0,0,0,0,0,0,0,0.0,0,0
2018-10-29,18.982395769340002,1,0,0,0,0,0,0,0,0,0,0,0.0,0,0
2018-10-30,18.997587606139998,1,0,0,0,0,0,0,0,0,0,0,0.0,0,0
2018-10-31,18.94153044989,1,0,0,0,0,0,0,0,0,0,0,0.0,0,0
2018-11-01,18.92370693609,1,0,0,0,0,0,0,0,0,0,0,0.0,0,0
2018-11-02,18.93776515789,1,0,0,0,0,0,0,0,0,0,0,0.0,0,0
2018-11-05,18.95804129769,1,0,0,0,0,0,0,0,0,0,0,0.0,0,0
2018-11-06,18.90200880369,1,0,0,0,0,0,0,0,0,0,0,0.0,0,0
2018-11-07,18.87067829669,1,0,0,0,0,0,0,0,0,0,0,0.0,0,0
2018-11-08,18.90958737909,1,0,0,0,0,0,0,0,0,0,0,0.0,0,0
2018-11-09,18.99067102229,1,0,0,0,0,0,0,0,0,0,0,0.0,0,0
2018-11-12,18.89316756489,1,0,0,0,0,0,0,0,0,0,0,0.0,0,0
2018-11-13,18.89781801789,1,0,0,0,0,0,0,0,0,0,0,0.0,0,0
2018-11-14,18.93321531969,1,0,0,0,0,0,0,0,0,0,0,0.0,0,0
2018-11-15,18.800271595189997,1,0,0,0,0,0,0,0,0,0,0,0.0,0,0
2018-11-16,18.866087100919998,1,0,0,0,0,0,0,0,0,0,0,0.0,0,0
2018-11-19,18.93276984012,1,0,0,0,0,0,0,1,0,0,0,0.0,0,0
2018-11-20,18.93276984012,0,0,0,0,0,0,0,0,0,0,0,0.0,0,0
2018-11-21,18.86878291152,1,0,0,0,0,0,0,0,1,0,0,0.0,0,0
2018-11-22,18.93418655512,1,0,0,0,0,0,0,0,0,0,0,0.0,0,0
2018-11-23,18.97714873932,1,0,0,0,0,0,0,0,0,0,0,0.0,0,0
2018-11-26,18.96781360732,1,0,0,0,0,0,0,0,0,0,0,0.0,0,0
2018-11-27,18.95070023037,1,0,0,0,0,0,0,1,0,0,0,0.0,0,0
2018-11-28,18.95070023037,0,0,0,0,0,0,0,0,0,0,0,0.0,0,0
2018-11-29,18.87663883647,1,0,0,0,0,0,0,0,1,0,0,0.0,0,0
2018-11-30,18.87160039707,1,0,0,0,0,0,0,0,0,0,0,0.0,0,0
2018-12-03,18.890708380270002,1,0,0,0,0,0,0,0,0,0,0,0.0,0,0
2018-12-04,18.83821493427,1,0,0,0,0,0,0,0,0,0,0,0.0,0,0
2018-12-05,18.781099135669997,1,0,0,0,0,0,0,0,0,0,0,0.0,0,0
2018-12-06,18.84365219007,1,0,0,0,0,0,0,0,0,0,0,0.0,0,0
2018-12-07,18.942691416069998,1,0,0,0,0,0,0,0,0,0,0,0.0,0,0
2018-12-10,18.855354359470002,1,0,0,0,0,0,0,0,0,0,0,0.0,0,0
2018-12-11,18.788148712970003,1,0,0,0,0,0,0,0,0,0,0,0.0,0,0
2018-12-12,18.83797229481,1,0,0,0,0,0,0,0,0,0,0,0.0,0,0
2018-12-13,18.813403546009997,1,0,0,0,0,0,0,0,0,0,0,0.0,0,0
2018-12-14,18.84446879181,1,0,0,0,0,0,0,0,0,0,0,0.0,0,0
2018-12-17,18.896574195310002,1,0,0,0,0,0,0,0,0,0,0,0.0,0,0
2018-12-18,18.78188261766,1,0,0,0,0,0,0,0,0,0,0,0.0,0,0
2018-12-19,18.72732629854,1,0,0,0,0,0,0,0,0,0,0,0.0,0,0
2018-12-20,18.71086390914,1,0,0,0,0,0,0,0,0,0,0,0.0,0,0
2018-12-21,18.74603650234,1,0,0,0,0,0,0,0,0,0,0,0.0,0,0
2018-12-24,18.83556212264,1,0,0,0,0,0,0,1,0,0,0,0.0,0,0
2018-12-25,18.83556212264,0,0,0,0,0,0,0,0,0,0,0,0.0,0,0
2018-12-26,18.92426543389,1,0,0,0,0,0,0,0,1,0,0,0.0,0,0
2018-12-27,18.84651875109,1,0,0,0,0,0,0,0,0,0,0,0.0,0,0
2018-12-28,18.921260505790002,1,0,0,0,0,0,0,0,0,0,0,0.0,0,0
2018-12-31,18.75162237123,1,0,0,0,0,0,0,0,0,0,0,0.0,1,0
2019-01-01,18.75162237123,0,0,0,0,0,0,0,0,0,0,0,0.0,0,0
2019-01-02,18.82566933723,1,0,0,0,0,0,0,0,0,0,0,1.0,0,1
2019-01-03,18.87405116903,1,0,0,0,0,0,0,0,0,0,0,1.0,0,0
2019-01-04,19.01963272303,1,0,0,0,0,0,0,0,0,0,0,1.0,0,0
2019-01-07,19.07126797743,1,0,0,0,0,0,0,0,0,0,0,1.0,0,0
2019-01-08,19.17687513973,1,0,0,0,0,0,0,0,0,0,0,1.0,0,0
2019-01-09,19.17693771993,1,0,0,0,0,0,0,0,0,0,0,1.0,0,0
2019-01-10,19.18655691813,1,0,0,0,0,0,0,0,0,0,0,1.0,0,0
2019-01-11,19.24726600393,1,0,0,0,0,0,0,0,0,0,0,1.0,0,0
2019-01-14,19.311150736130003,1,0,0,0,0,0,0,0,0,0,0,1.0,0,0
2019-01-15,19.26724918853,1,0,0,0,0,0,0,0,0,0,0,1.0,0,0
2019-01-16,19.18882841353,1,0,0,0,0,0,0,0,0,0,0,1.0,0,0
2019-01-17,19.18006115133,1,0,0,0,0,0,0,0,0,0,0,1.0,0,0
2019-01-18,19.13100940731,1,0,0,0,0,0,0,0,0,0,0,1.0,0,0
2019-01-21,19.16113800311,1,0,0,0,0,0,0,0,0,0,0,1.0,0,0
2019-01-22,19.050570419110002,1,0,0,0,0,0,0,0,0,0,0,1.0,0,0
2019-01-23,19.03903683251,1,0,0,0,0,0,0,0,0,0,0,1.0,0,0
2019-01-24,19.09003238581,1,0,0,0,0,0,0,0,0,0,0,1.0,0,0
2019-01-25,19.08517658221,1,0,0,0,0,0,0,0,0,0,0,1.0,0,0
2019-01-28,19.19164390381,1,0,0,0,0,0,0,0,0,0,0,1.0,0,0
2019-01-29,19.32906658261,1,0,0,0,0,0,0,0,0,0,0,1.0,0,0
2019-01-30,19.432927453330002,1,0,0,0,0,0,0,0,0,0,0,1.0,0,0
2019-01-31,19.42330003313,1,0,0,0,0,0,0,0,0,0,0,1.0,0,0
2019-02-01,19.42549336153,1,0,0,0,0,0,0,0,0,0,0,1.0,0,0
2019-02-04,19.37002021543,1,0,0,0,0,0,0,0,0,0,0,1.0,0,0
2019-02-05,19.45884748023,1,0,0,0,0,0,0,0,0,0,0,1.0,0,0
2019-02-06,19.45889141723,1,0,0,0,0,0,0,0,0,0,0,1.0,0,0
2019-02-07,19.377126689830003,1,0,0,0,0,0,0,0,0,0,0,1.0,0,0
2019-02-08,19.45331275447,1,0,0,0,0,0,0,0,0,0,0,1.0,0,0
2019-02-11,19.45243194167,1,0,0,0,0,0,0,0,0,0,0,1.0,0,0
2019-02-12,19.423010350869998,1,0,0,0,0,0,0,0,0,0,0,1.0,0,0
2019-02-13,19.40258413377,1,0,0,0,0,0,0,0,0,0,0,1.0,0,0
2019-02-14,19.39502460397,1,0,0,0,0,0,0,0,0,0,0,1.0,0,0
2019-02-15,19.327342721169998,1,0,0,0,0,0,0,0,0,0,0,1.0,0,0
2019-02-18,19.30459442817,1,0,0,0,0,0,0,0,0,0,0,1.0,0,0
2019-02-19,19.234444650169998,1,0,0,0,0,0,0,0,0,0,0,1.0,0,0
2019-02-20,19.20353464977,1,0,0,0,0,0,0,0,0,0,0,1.0,0,0
2019-02-21,19.233787953209998,1,0,0,0,0,0,0,0,0,0,0,1.0,0,0
2019-02-22,19.18024133801,1,0,0,0,0,0,0,0,0,0,0,1.0,0,0
2019-02-25,19.17891030799,1,0,0,0,0,0,0,0,0,0,0,1.0,0,0
2019-02-26,19.19653466641,1,0,0,0,0,0,0,0,0,0,0,1.0,0,0
2019-02-27,19.10601504551,1,0,0,0,0,0,0,0,0,0,0,1.0,0,0
2019-02-28,19.24815689191,1,0,0,0,0,0,0,0,0,0,0,1.0,0,0
2019-03-01,19.17967213171,1,0,0,0,0,0,0,0,0,0,0,1.0,0,0
2019-03-04,19.1585446518,1,0,0,0,0,0,0,0,0,0,0,1.0,0,0
2019-03-05,19.327000927900002,1,0,0,0,0,0,0,0,0,0,0,1.0,0,0
2019-03-06,19.321114248,1,0,0,0,0,0,0,0,0,0,0,1.0,0,0
2019-03-07,19.410434683400002,1,0,0,0,0,0,0,0,0,0,0,1.0,0,0
2019-03-08,19.3902197475,1,0,0,0,0,0,0,0,0,0,0,1.0,0,0
2019-03-11,19.4834684409,1,0,0,0,0,0,0,0,0,0,0,1.0,0,0
2019-03-12,19.360128284,1,0,0,0,0,0,0,0,0,0,0,1.0,0,0
2019-03-13,19.3114572796,1,0,0,0,0,0,0,0,0,0,0,1.0,0,0
2019-03-14,19.2643286638,1,0,0,0,0,0,0,0,0,0,0,1.0,0,0
2019-03-15,19.3004434772,1,0,0,0,0,0,0,0,0,0,0,1.0,0,0
2019-03-18,19.3796387126,1,0,0,0,0,0,0,0,0,0,0,1.0,0,0
2019-03-19,19.4413997404,1,0,0,0,0,0,0,0,0,0,0,1.0,0,0
2019-03-20,19.2972507882,1,0,0,0,0,0,0,0,0,0,0,1.0,0,0
2019-03-21,19.306333255400002,1,0,0,0,0,0,0,0,0,0,0,1.0,0,0
2019-03-22,19.312893714799998,1,0,0,0,0,0,0,0,0,0,0,1.0,0,0
2019-03-25,19.372182354099998,1,0,0,0,0,0,0,0,0,0,0,1.0,0,0
2019-03-26,19.418645917470002,1,0,0,0,0,0,0,0,0,0,0,1.0,0,0
2019-03-27,19.30851361027,1,0,0,0,0,0,0,0,0,0,0,1.0,0,0
2019-03-28,19.37648149084,1,0,0,0,0,0,0,0,0,0,0,1.0,0,0
2019-03-29,19.36637826584,1,0,0,0,0,0,0,0,0,0,0,1.0,0,0
2019-04-01,19.42579159427,1,0,0,0,0,0,0,0,0,0,0,1.0,0,0
2019-04-02,19.42090151927,1,0,0,0,0,0,0,0,0,0,0,1.0,0,0
2019-04-03,19.47286940807,1,0,0,0,0,0,0,0,0,0,0,1.0,0,0
2019-04-04,19.55227890487,1,0,0,0,0,0,0,0,0,0,0,1.0,0,0
2019-04-05,19.51495703627,1,0,0,0,0,0,0,0,0,0,0,1.0,0,0
2019-04-08,19.54809791187,1,0,0,0,0,0,0,0,0,0,0,1.0,0,0
2019-04-09,19.51673651923,1,0,0,0,0,0,0,0,0,0,0,1.0,0,0
2019-04-10,19.50543660223,1,0,0,0,0,0,0,0,0,0,0,1.0,0,0
2019-04-11,19.28654769613,1,0,0,0,0,0,0,0,0,0,0,1.0,0,0
2019-04-12,19.31415104573,1,0,0,0,0,0,0,0,0,0,0,1.0,0,0
2019-04-15,19.265465676130002,1,0,0,0,0,0,0,0,0,0,0,1.0,0,0
2019-04-16,19.21550564733,1,0,0,0,0,0,0,0,0,0,0,1.0,0,0
2019-04-17,19.23244005723,1,0,0,0,0,0,0,0,0,0,0,1.0,0,0
2019-04-18,19.18931700643,1,0,0,0,0,0,0,0,0,0,0,1.0,0,0
2019-04-19,19.12172310143,1,0,0,0,0,0,0,0,0,0,0,1.0,0,0
2019-04-22,19.12965772753,1,0,0,0,0,0,0,0,0,0,0,1.0,0,0
2019-04-23,19.001531780729998,1,0,0,0,0,0,0,0,0,0,0,1.0,0,0
2019-04-24,19.24768428153,1,0,0,0,0,0,0,0,0,0,0,1.0,0,0
2019-04-25,19.01919360673,1,0,0,0,0,0,0,0,0,0,0,1.0,0,0
2019-04-26,19.084267376529997,1,5,0,0,0,0,0,0,0,0,0,1.0,0,0
2019-04-29,19.037154547529997,1,4,0,0,0,0,0,0,0,0,0,1.0,0,0
2019-04-30,19.30097794633,1,0,0,0,0,0,0,1,0,0,0,1.0,0,0
2019-05-01,19.30097794633,0,0,0,0,0,0,0,0,0,0,0,0.0,0,0
2019-05-02,19.29744482673,1,2,0,0,0,0,0,0,0,0,0,1.0,0,0
2019-05-03,19.45855926923,1,1,0,0,0,0,0,0,0,0,0,1.0,0,0
2019-05-06,19.58394863223,1,0,1,0,0,0,0,0,0,0,0,1.0,0,0
2019-05-07,19.69063963023,1,0,2,0,0,0,0,0,0,0,0,1.0,0,0
2019-05-08,19.76445657163,1,0,3,0,0,0,0,0,0,0,0,1.0,0,0
2019-05-09,19.81218086283,1,0,0,0,0,0,0,0,0,0,0,1.0,0,0
2019-05-10,19.83832563403,1,0,0,0,0,0,0,0,0,0,0,1.0,0,0
2019-05-13,19.79223953103,1,0,0,0,0,0,0,0,0,0,0,1.0,0,0
2019-05-14,19.786976706830004,1,0,0,0,0,0,0,0,0,0,0,1.0,0,0
2019-05-15,19.79889196532,1,0,0,0,0,0,0,0,0,0,0,1.0,0,0
2019-05-16,19.75359977342,1,0,0,0,0,0,0,0,0,0,0,1.0,0,0
2019-05-17,19.750993029919997,1,0,0,0,0,0,0,0,0,0,0,1.0,0,0
2019-05-20,19.69200739482,1,0,0,0,0,0,0,0,0,0,0,1.0,0,0
2019-05-21,19.67599391632,1,0,0,0,0,0,0,0,0,0,0,1.0,0,0
2019-05-22,19.65776050632,1,0,0,0,0,0,0,0,0,0,0,1.0,0,0
2019-05-23,19.58159307872,1,0,0,0,0,0,0,0,0,0,0,1.0,0,0
2019-05-24,19.715455081520002,1,0,0,0,0,0,0,1,0,0,0,1.0,0,0
2019-05-27,19.76549885062,1,0,0,0,0,0,0,0,1,0,0,1.0,0,0
2019-05-28,19.82770966752,1,0,0,5,0,0,0,0,0,0,0,1.0,0,0
2019-05-29,19.93375861492,1,0,0,4,0,0,0,0,0,0,0,1.0,0,0
2019-05-30,19.92800749512,1,0,0,3,0,0,0,0,0,0,0,1.0,0,0
2019-05-31,20.11964874112,1,0,0,2,0,0,0,0,0,0,0,1.0,0,0
2019-06-03,20.429106225119998,1,0,0,1,0,0,0,0,0,0,0,1.0,0,0
2019-06-04,20.429106225119998,0,0,0,0,0,0,0,0,0,0,0,0.0,0,0
2019-06-05,20.429106225119998,0,0,0,0,0,0,0,0,0,0,0,0.0,0,0
2019-06-06,20.59779718772,1,0,0,0,1,0,0,0,0,0,0,1.0,0,0
2019-06-07,20.60592490172,1,0,0,0,2,0,0,0,0,0,0,1.0,0,0
2019-06-10,20.79249402712,1,0,0,0,3,0,0,0,0,0,0,1.0,0,0
2019-06-11,20.79076753312,1,0,0,0,4,0,0,0,0,0,0,1.0,0,0
2019-06-12,20.83147389832,1,0,0,0,5,0,0,0,0,0,0,1.0,0,0
2019-06-13,20.85814571612,1,0,0,0,0,0,0,0,0,0,0,1.0,0,0
2019-06-14,20.88147483792,1,0,0,0,0,0,0,0,0,0,0,1.0,0,0
2019-06-17,20.78424083232,1,0,0,0,0,0,0,0,0,5,0,1.0,0,0
2019-06-18,20.36142611242,1,0,0,0,0,0,0,0,0,4,0,1.0,0,0
2019-06-19,20.37744787742,1,0,0,0,0,0,0,0,0,3,0,1.0,0,0
2019-06-20,20.39500766582,1,0,0,0,0,0,0,0,0,2,0,1.0,0,0
2019-06-21,20.44009071882,1,0,0,0,0,0,0,0,0,1,0,1.0,0,0
2019-06-24,20.37762839922,1,0,0,0,0,0,0,0,0,0,1,1.0,0,0
2019-06-25,20.40686679162,1,0,0,0,0,0,0,0,0,0,2,1.0,0,0
2019-06-26,20.397975304619997,1,0,0,0,0,0,0,0,0,0,3,1.0,0,0
2019-06-27,20.50766171262,1,0,0,0,0,0,0,0,0,0,4,1.0,0,0
2019-06-28,20.65396912966,1,0,0,0,0,0,0,0,0,0,5,1.0,0,0
2019-07-01,20.718124389459998,1,0,0,0,0,0,0,0,0,0,0,1.0,0,0
2019-07-02,20.77911799066,1,0,0,0,0,0,0,0,0,0,0,1.0,0,0
2019-07-03,20.80834521616,1,0,0,0,0,0,0,0,0,0,0,1.0,0,0
2019-07-04,20.83888784716,1,0,0,0,0,0,0,0,0,0,0,1.0,0,0
2019-07-05,20.83634433296,1,0,0,0,0,0,0,0,0,0,0,1.0,0,0
2019-07-08,20.88815228107,1,0,0,0,0,0,0,0,0,0,0,1.0,0,0
2019-07-09,20.93592392517,1,0,0,0,0,0,0,0,0,0,0,1.0,0,0
2019-07-10,20.87234254917,1,0,0,0,0,0,0,0,0,0,0,1.0,0,0
2019-07-11,20.88562390977,1,0,0,0,0,0,0,0,0,0,0,1.0,0,0
2019-07-12,20.84546520997,1,0,0,0,0,0,0,0,0,0,0,1.0,0,0
2019-07-15,20.89889938477,1,0,0,0,0,0,0,0,0,0,0,1.0,0,0
2019-07-16,20.800297814369998,1,0,0,0,0,0,0,0,0,0,0,1.0,0,0
2019-07-17,20.83126546157,1,0,0,0,0,0,0,0,0,0,0,1.0,0,0
2019-07-18,20.78465588297,1,0,0,0,0,0,0,0,0,0,0,1.0,0,0
2019-07-19,20.78350283077,1,0,0,0,0,0,0,0,0,0,0,1.0,0,0
2019-07-22,20.804181111970003,1,0,0,0,0,0,0,0,0,0,0,1.0,0,0
2019-07-23,20.76931670617,1,0,0,0,0,0,0,0,0,0,0,1.0,0,0
2019-07-24,20.71644199395,1,0,0,0,0,0,0,0,0,0,0,1.0,0,0
2019-07-25,20.77863043835,1,0,0,0,0,0,0,0,0,0,0,1.0,0,0
2019-07-26,20.807757384400002,1,0,0,0,0,0,0,0,0,0,0,1.0,0,0
2019-07-29,20.92485816457,1,0,0,0,0,0,0,0,0,0,0,1.0,0,0
2019-07-30,21.164643542169998,1,0,0,0,0,0,0,0,0,0,0,1.0,0,0
2019-07-31,21.301504683970002,1,0,0,0,0,0,0,0,0,0,0,1.0,0,0
2019-08-01,21.37990900234,1,0,0,0,0,0,0,0,0,0,0,1.0,0,0
2019-08-02,21.43225465759,1,0,0,0,0,0,0,0,0,0,0,1.0,0,0
2019-08-05,21.641259447830002,1,0,0,0,0,5,0,0,0,0,0,1.0,0,0
2019-08-06,21.780501253830003,1,0,0,0,0,4,0,0,0,0,0,1.0,0,0
2019-08-07,21.87014427678,1,0,0,0,0,3,0,0,0,0,0,1.0,0,0
2019-08-08,22.048194276380002,1,0,0,0,0,2,0,0,0,0,0,1.0,0,0
2019-08-09,22.13240221338,1,0,0,0,0,1,0,0,0,0,0,1.0,0,0
2019-08-12,22.13240221338,0,0,0,0,0,0,0,0,0,0,0,0.0,0,0
2019-08-13,22.13240221338,0,0,0,0,0,0,0,0,0,0,0,0.0,0,0
2019-08-14,22.18781427147,1,0,0,0,0,0,5,0,0,0,0,1.0,0,0
2019-08-15,22.16976187307,1,0,0,0,0,0,4,0,0,0,0,1.0,0,0
2019-08-16,22.07789692547,1,0,0,0,0,0,3,0,0,0,0,1.0,0,0
2019-08-19,22.06325635007,1,0,0,0,0,0,2,0,0,0,0,1.0,0,0
2019-08-20,22.05028750167,1,0,0,0,0,0,1,0,0,0,0,1.0,0,0
2019-08-21,21.95799299747,1,0,0,0,0,0,0,0,0,0,0,1.0,0,0
2019-08-22,21.91510504487,1,0,0,0,0,0,0,0,0,0,0,1.0,0,0
2019-08-23,21.808081233619998,1,0,0,0,0,0,0,0,0,0,0,1.0,0,0
2019-08-26,21.744496241020002,1,0,0,0,0,0,0,0,0,0,0,1.0,0,0
2019-08-27,21.750984007419998,1,0,0,0,0,0,0,0,0,0,0,1.0,0,0
2019-08-28,21.646315323419998,1,0,0,0,0,0,0,0,0,0,0,1.0,0,0
2019-08-29,21.65710866902,1,0,0,0,0,0,0,0,0,0,0,1.0,0,0
2019-08-30,21.63786277302,1,0,0,0,0,0,0,1,0,0,0,1.0,0,0
2019-09-02,21.54220567902,1,0,0,0,0,0,0,0,1,0,0,1.0,0,0
2019-09-03,21.53697546702,1,0,0,0,0,0,0,0,0,0,0,1.0,0,0
2019-09-04,21.50475199582,1,0,0,0,0,0,0,0,0,0,0,1.0,0,0
2019-09-05,21.58954463493,1,0,0,0,0,0,0,0,0,0,0,1.0,0,0
2019-09-06,21.57338032513,1,0,0,0,0,0,0,0,0,0,0,1.0,0,0
2019-09-09,21.43450037483,1,0,0,0,0,0,0,0,0,0,0,1.0,0,0
2019-09-10,21.43876238313,1,0,0,0,0,0,0,0,0,0,0,1.0,0,0
2019-09-11,21.24125631343,1,0,0,0,0,0,0,0,0,0,0,1.0,0,0
2019-09-12,21.1943163581,1,0,0,0,0,0,0,0,0,0,0,1.0,0,0
2019-09-13,21.0623920227,1,0,0,0,0,0,0,0,0,0,0,1.0,0,0
2019-09-16,21.176736284860002,1,0,0,0,0,0,0,0,0,0,0,1.0,0,0
2019-09-17,20.96667250746,1,0,0,0,0,0,0,0,0,0,0,1.0,0,0
2019-09-18,20.954968863060003,1,0,0,0,0,0,0,0,0,0,0,1.0,0,0
2019-09-19,20.894762120459998,1,0,0,0,0,0,0,0,0,0,0,1.0,0,0
2019-09-20,20.73813533413,1,0,0,0,0,0,0,0,0,0,0,1.0,0,0
2019-09-23,20.80343082973,1,0,0,0,0,0,0,0,0,0,0,1.0,0,0
2019-09-24,20.67101358613,1,0,0,0,0,0,0,0,0,0,0,1.0,0,0
2019-09-25,20.71539170277,1,0,0,0,0,0,0,0,0,0,0,1.0,0,0
2019-09-26,20.69731687277,1,0,0,0,0,0,0,0,0,0,0,1.0,0,0
2019-09-27,20.78141209777,1,0,0,0,0,0,0,0,0,0,0,1.0,0,0
2019-09-30,20.70143646671,1,0,0,0,0,0,0,0,0,0,0,1.0,0,0
2019-10-01,20.741113569310002,1,0,0,0,0,0,0,0,0,0,0,1.0,0,0
2019-10-02,20.77097148891,1,0,0,0,0,0,0,0,0,0,0,1.0,0,0
2019-10-03,20.77881052971,1,0,0,0,0,0,0,0,0,0,0,1.0,0,0
2019-10-04,20.764821267509998,1,0,0,0,0,0,0,0,0,0,0,1.0,0,0
2019-10-07,20.74105756531,1,0,0,0,0,0,0,0,0,0,0,1.0,0,0
2019-10-08,20.68502693911,1,0,0,0,0,0,0,0,0,0,0,1.0,0,0
2019-10-09,20.716590842509998,1,0,0,0,0,0,0,0,0,0,0,1.0,0,0
2019-10-10,20.66331658671,1,0,0,0,0,0,0,0,0,0,0,1.0,0,0
2019-10-11,20.66460841791,1,0,0,0,0,0,0,0,0,0,0,1.0,0,0
2019-10-14,20.65564206189,1,0,0,0,0,0,0,0,0,0,0,1.0,0,0
2019-10-15,20.589934343689997,1,0,0,0,0,0,0,0,0,0,0,1.0,0,0
2019-10-16,20.606990667490003,1,0,0,0,0,0,0,0,0,0,0,1.0,0,0
2019-10-17,20.6544125123,1,0,0,0,0,0,0,0,0,0,0,1.0,0,0
2019-10-18,20.5922258706,1,0,0,0,0,0,0,0,0,0,0,1.0,0,0
2019-10-21,20.390780530380002,1,0,0,0,0,0,0,0,0,0,0,1.0,0,0
2019-10-22,20.367257672580003,1,0,0,0,0,0,0,0,0,0,0,1.0,0,0
2019-10-23,20.45538958158,1,0,0,0,0,0,0,0,0,0,0,1.0,0,0
2019-10-24,20.43482477798,1,0,0,0,0,0,0,0,0,0,0,1.0,0,0
2019-10-25,20.48748278398,1,0,0,0,0,0,0,0,0,0,0,1.0,0,0
2019-10-28,20.471286159580004,1,0,0,0,0,0,0,0,0,0,0,1.0,0,0
2019-10-29,20.38742080591,1,0,0,0,0,0,0,0,0,0,0,1.0,0,0
2019-10-30,20.478291114509997,1,0,0,0,0,0,0,0,0,0,0,1.0,0,0
2019-10-31,20.494866707009997,1,0,0,0,0,0,0,0,0,0,0,1.0,0,0
2019-11-01,20.61625109881,1,0,0,0,0,0,0,0,0,0,0,1.0,0,0
2019-11-04,20.65494370801,1,0,0,0,0,0,0,0,0,0,0,1.0,0,0
2019-11-05,20.59636920231,1,0,0,0,0,0,0,0,0,0,0,1.0,0,0
2019-11-06,20.719007717310003,1,0,0,0,0,0,0,0,0,0,0,1.0,0,0
2019-11-07,20.76783845091,1,0,0,0,0,0,0,0,0,0,0,1.0,0,0
2019-11-08,20.69475114491,1,0,0,0,0,0,0,1,0,0,0,1.0,0,0
2019-11-11,20.587219535110002,1,0,0,0,0,0,0,0,1,0,0,1.0,0,0
2019-11-12,20.60781050651,1,0,0,0,0,0,0,0,0,0,0,1.0,0,0
2019-11-13,20.57512774791,1,0,0,0,0,0,0,0,0,0,0,1.0,0,0
2019-11-14,20.50091012611,1,0,0,0,0,0,0,0,0,0,0,1.0,0,0
2019-11-15,20.48709580791,1,0,0,0,0,0,0,0,0,0,0,1.0,0,0
2019-11-18,20.49169657627,1,0,0,0,0,0,0,0,0,0,0,1.0,0,0
2019-11-19,20.527389697369998,1,0,0,0,0,0,0,0,0,0,0,1.0,0,0
2019-11-20,20.41035774997,1,0,0,0,0,0,0,0,0,0,0,1.0,0,0
2019-11-21,20.39997679477,1,0,0,0,0,0,0,0,0,0,0,1.0,0,0
2019-11-22,20.382891591169997,1,0,0,0,0,0,0,0,0,0,0,1.0,0,0
2019-11-25,20.40858380297,1,0,0,0,0,0,0,0,0,0,0,1.0,0,0
2019-11-26,20.473142664450002,1,0,0,0,0,0,0,0,0,0,0,1.0,0,0
2019-11-27,20.55915727445,1,0,0,0,0,0,0,1,0,0,0,1.0,0,0
2019-11-28,20.55915727445,0,0,0,0,0,0,0,0,0,0,0,0.0,0,0
2019-11-29,20.53151398825,1,0,0,0,0,0,0,0,1,0,0,1.0,0,0
2019-12-02,20.5028913392,1,0,0,0,0,0,0,0,0,0,0,1.0,0,0
2019-12-03,20.4886061856,1,0,0,0,0,0,0,0,0,0,0,1.0,0,0
2019-12-04,20.5317335415,1,0,0,0,0,0,0,0,0,0,0,1.0,0,0
2019-12-05,20.7235155831,1,0,0,0,0,0,0,0,0,0,0,1.0,0,0
2019-12-06,20.7286265739,1,0,0,0,0,0,0,0,0,0,0,1.0,0,0
2019-12-09,20.772188237680002,1,0,0,0,0,0,0,0,0,0,0,1.0,0,0
2019-12-10,20.756254472080002,1,0,0,0,0,0,0,0,0,0,0,1.0,0,0
2019-12-11,20.80358447248,1,0,0,0,0,0,0,0,0,0,0,1.0,0,0
2019-12-12,20.84122025448,1,0,0,0,0,0,0,0,0,0,0,1.0,0,0
2019-12-13,20.835892007680002,1,0,0,0,0,0,0,0,0,0,0,1.0,0,0
2019-12-16,20.67067009748,1,0,0,0,0,0,0,0,0,0,0,1.0,0,0
2019-12-17,20.65978912568,1,0,0,0,0,0,0,0,0,0,0,1.0,0,0
2019-12-18,20.72430327198,1,0,0,0,0,0,0,0,0,0,0,1.0,0,0
2019-12-19,20.79012163178,1,0,0,0,0,0,0,0,0,0,0,1.0,0,0
2019-12-20,20.82752363238,1,0,0,0,0,0,0,0,0,0,0,1.0,0,0
2019-12-23,20.85870106929,1,0,0,0,0,0,0,0,0,0,0,1.0,0,0
2019-12-24,20.93018586329,1,0,0,0,0,0,0,1,0,0,0,1.0,0,0
2019-12-25,20.93018586329,0,0,0,0,0,0,0,0,0,0,0,0.0,0,0
2019-12-26,21.00127100918,1,0,0,0,0,0,0,0,1,0,0,1.0,0,0
2019-12-27,21.14861056818,1,0,0,0,0,0,0,0,0,0,0,1.0,0,0
2019-12-30,21.118266106180002,1,0,0,0,0,0,0,0,0,0,0,1.0,0,0
2019-12-31,20.96362122463,1,0,0,0,0,0,0,0,0,0,0,1.0,1,0
2020-01-01,20.96362122463,0,0,0,0,0,0,0,0,0,0,0,0.0,0,0
2020-01-02,21.04374357363,1,0,0,0,0,0,0,0,0,0,0,1.0,0,1
2020-01-03,21.03166187383,1,0,0,0,0,0,0,0,0,0,0,1.0,0,0
2020-01-06,21.09290980543,1,0,0,0,0,0,0,0,0,0,0,1.0,0,0
2020-01-07,21.15114426523,1,0,0,0,0,0,0,0,0,0,0,1.0,0,0
2020-01-08,21.33584352495,1,0,0,0,0,0,0,0,0,0,0,1.0,0,0
2020-01-09,21.51992633985,1,0,0,0,0,0,0,0,0,0,0,1.0,0,0
2020-01-10,21.63149000865,1,0,0,0,0,0,0,0,0,0,0,1.0,0,0
2020-01-13,21.63042331555,1,0,0,0,0,0,0,0,0,0,0,1.0,0,0
2020-01-14,21.57107415915,1,0,0,0,0,0,0,0,0,0,0,1.0,0,0
2020-01-15,21.56939309315,1,0,0,0,0,0,0,0,0,0,0,1.0,0,0
2020-01-16,21.60289616675,1,0,0,0,0,0,0,0,0,0,0,1.0,0,0
2020-01-17,21.56953431215,1,0,0,0,0,0,0,0,0,0,0,1.0,0,0
2020-01-20,21.58090859795,1,0,0,0,0,0,0,0,0,0,0,1.0,0,0
2020-01-21,21.541988321810003,1,0,0,0,0,0,0,0,0,0,0,1.0,0,0
2020-01-22,21.629672306009997,1,0,0,0,0,0,0,0,0,0,0,1.0,0,0
2020-01-23,21.63039343981,1,0,0,0,0,0,0,0,0,0,0,1.0,0,0
2020-01-24,21.64043525021,1,0,0,0,0,0,0,0,0,0,0,1.0,0,0
2020-01-27,21.64448390921,1,0,0,0,0,0,0,0,0,0,0,1.0,0,0
2020-01-28,21.51910480591,1,0,0,0,0,0,0,0,0,0,0,1.0,0,0
2020-01-29,21.698243981509997,1,0,0,0,0,0,0,0,0,0,0,1.0,0,0
2020-01-30,21.80010829531,1,0,0,0,0,0,0,0,0,0,0,1.0,0,0
2020-01-31,21.833784203310003,1,0,0,0,0,0,0,0,0,0,0,1.0,0,0
2020-02-03,21.89287220634,1,0,0,0,0,0,0,0,0,0,0,1.0,0,0
2020-02-04,21.87733749614,1,0,0,0,0,0,0,0,0,0,0,1.0,0,0
2020-02-05,21.974683725029998,1,0,0,0,0,0,0,0,0,0,0,1.0,0,0
2020-02-06,21.97446397903,1,0,0,0,0,0,0,0,0,0,0,1.0,0,0
2020-02-07,22.025134317830002,1,0,0,0,0,0,0,0,0,0,0,1.0,0,0
2020-02-10,22.013997077229998,1,0,0,0,0,0,0,0,0,0,0,1.0,0,0
2020-02-11,22.07687702043,1,0,0,0,0,0,0,0,0,0,0,1.0,0,0
2020-02-12,22.12126835516,1,0,0,0,0,0,0,0,0,0,0,1.0,0,0
2020-02-13,21.92630220876,1,0,0,0,0,0,0,0,0,0,0,1.0,0,0
2020-02-14,21.899178025759998,1,0,0,0,0,0,0,0,0,0,0,1.0,0,0
2020-02-17,21.825765639860002,1,0,0,0,0,0,0,0,0,0,0,1.0,0,0
2020-02-18,21.769123446810003,1,0,0,0,0,0,0,0,0,0,0,1.0,0,0
2020-02-19,21.79448371355,1,0,0,0,0,0,0,0,0,0,0,1.0,0,0
2020-02-20,21.79014777955,1,0,0,0,0,0,0,0,0,0,0,1.0,0,0
2020-02-21,21.77170180195,1,0,0,0,0,0,0,0,0,0,0,1.0,0,0
2020-02-24,21.703431650349998,1,0,0,0,0,0,0,0,0,0,0,1.0,0,0
2020-02-25,21.67167122755,1,0,0,0,0,0,0,0,0,0,0,1.0,0,0
2020-02-26,21.67563328605,1,0,0,0,0,0,0,0,0,0,0,1.0,0,0
2020-02-27,21.68800465065,1,0,0,0,0,0,0,0,0,0,0,1.0,0,0
2020-02-28,21.64951708555,1,0,0,0,0,0,0,0,0,0,0,1.0,0,0
2020-03-02,21.71588376495,1,0,0,0,0,0,0,0,0,0,0,1.0,0,0
2020-03-03,21.90816639715,1,0,0,0,0,0,0,0,0,0,0,1.0,0,0
2020-03-04,21.97813052915,1,0,0,0,0,0,0,0,0,0,0,1.0,0,0
2020-03-05,22.06597565248,1,0,0,0,0,0,0,0,0,0,0,1.0,0,0
2020-03-06,22.11085440908,1,0,0,0,0,0,0,0,0,0,0,1.0,0,0
2020-03-09,22.09761936328,1,0,0,0,0,0,0,0,0,0,0,1.0,0,0
2020-03-10,22.154365956080003,1,0,0,0,0,0,0,0,0,0,0,1.0,0,0
2020-03-11,22.18499826008,1,0,0,0,0,0,0,0,0,0,0,1.0,0,0
2020-03-12,22.16629072218,1,0,0,0,0,0,0,0,0,0,0,1.0,0,0
2020-03-13,21.94713157578,1,0,0,0,0,0,0,0,0,0,0,1.0,0,0
2020-03-16,22.06056218358,1,0,0,0,0,0,0,0,0,0,0,1.0,0,0
2020-03-17,21.90750532413,1,0,0,0,0,0,0,0,0,0,0,1.0,0,0
2020-03-18,22.14207791404,1,0,0,0,0,0,0,0,0,0,0,1.0,0,0
2020-03-19,22.205355999040002,1,0,0,0,0,0,0,0,0,0,0,1.0,0,0
2020-03-20,22.13223862904,1,0,0,0,0,0,0,0,0,0,0,1.0,0,0
2020-03-23,22.21309654984,1,0,0,0,0,0,0,0,0,0,0,1.0,0,0
2020-03-24,22.41348494349,1,0,0,0,0,0,0,0,0,0,0,1.0,0,0
2020-03-25,22.49283535556,1,0,0,0,0,0,0,0,0,0,0,1.0,0,0
2020-03-26,22.529261055560003,1,0,0,0,0,0,0,0,0,0,0,1.0,0,0
2020-03-27,22.57906788656,1,0,0,0,0,0,0,0,0,0,0,1.0,0,0
2020-03-30,22.56994278496,1,0,0,0,0,0,0,0,0,0,0,1.0,0,0
2020-03-31,22.81549887796,1,0,0,0,0,0,0,0,0,0,0,1.0,0,0
2020-04-01,22.87906563049,1,0,0,0,0,0,0,0,0,0,0,1.0,0,0
2020-04-02,23.07733111449,1,0,0,0,0,0,0,0,0,0,0,1.0,0,0
2020-04-03,22.882775326490002,1,0,0,0,0,0,0,0,0,0,0,1.0,0,0
2020-04-06,23.05840305809,1,0,0,0,0,0,0,0,0,0,0,1.0,0,0
2020-04-07,22.89724050809,1,0,0,0,0,0,0,0,0,0,0,1.0,0,0
2020-04-08,23.16261682149,1,0,0,0,0,0,0,0,0,0,0,1.0,0,0
2020-04-09,23.10230489096,1,0,0,0,0,0,0,0,0,0,0,1.0,0,0
2020-04-10,23.19289129096,1,0,0,0,0,0,0,0,0,0,0,1.0,0,0
2020-04-13,23.202175039830003,1,0,0,0,0,0,0,0,0,0,0,1.0,0,0
2020-04-14,23.08849990043,1,0,0,0,0,0,0,0,0,0,0,1.0,0,0
2020-04-15,23.17070446443,1,0,0,0,0,0,0,0,0,0,0,1.0,0,0
2020-04-16,23.21738551443,1,0,0,0,0,0,0,0,0,0,0,1.0,0,0
2020-04-17,23.05365042746,1,5,0,0,0,0,0,0,0,0,0,1.0,0,0
2020-04-20,22.97472137746,1,4,0,0,0,0,0,0,0,0,0,1.0,0,0
2020-04-21,23.18488637746,1,3,0,0,0,0,0,0,0,0,0,1.0,0,0
2020-04-22,23.10838787026,1,2,0,0,0,0,0,0,0,0,0,1.0,0,0
2020-04-23,23.18765596786,1,1,0,0,0,0,0,0,0,0,0,1.0,0,0
2020-04-24,23.35288481386,1,0,1,0,0,0,0,0,0,0,0,1.0,0,0
2020-04-27,23.46250922966,1,0,2,0,0,0,0,0,0,0,0,1.0,0,0
2020-04-28,23.30582962666,1,0,3,0,0,0,0,0,0,0,0,1.0,0,0
2020-04-29,23.453349211259997,1,0,4,0,0,0,0,0,0,0,0,1.0,0,0
2020-04-30,23.510374270659998,1,0,0,0,0,0,0,1,0,0,0,1.0,0,0
2020-05-01,23.510374270659998,0,0,0,0,0,0,0,0,0,0,0,0.0,0,0
2020-05-04,23.66275407132,1,0,0,0,0,0,0,0,1,0,0,1.0,0,0
2020-05-05,23.6317295929,1,0,0,0,0,0,0,0,0,0,0,1.0,0,0
2020-05-06,23.52716368985,1,0,0,0,0,0,0,0,0,0,0,1.0,0,0
2020-05-07,23.59957766801,1,0,0,0,0,0,0,0,0,0,0,1.0,0,0
2020-05-08,23.488678041209997,1,0,0,0,0,0,0,0,0,0,0,1.0,0,0
2020-05-11,23.558449937709998,1,0,0,0,0,0,0,0,0,0,0,1.0,0,0
2020-05-12,23.704788113270002,1,0,0,0,0,0,0,0,0,0,0,1.0,0,0
2020-05-13,23.60098141286,1,0,0,0,0,0,0,0,0,0,0,1.0,0,0
2020-05-14,23.51933467806,1,0,0,0,0,0,0,0,0,0,0,1.0,0,0
2020-05-15,23.52803085826,1,0,0,0,0,0,0,0,0,0,0,1.0,0,0
2020-05-18,23.76713480327,1,0,0,5,0,0,0,0,0,0,0,1.0,0,0
2020-05-19,23.860826331040002,1,0,0,4,0,0,0,0,0,0,0,1.0,0,0
2020-05-20,23.99844625124,1,0,0,3,0,0,0,0,0,0,0,1.0,0,0
2020-05-21,24.35786883132,1,0,0,2,0,0,0,0,0,0,0,1.0,0,0
2020-05-22,24.619737989919997,1,0,0,1,0,0,0,0,0,0,0,1.0,0,0
2020-05-25,24.619737989919997,0,0,0,0,0,0,0,0,0,0,0,0.0,0,0
2020-05-26,24.556790280119998,1,0,0,0,0,0,0,0,1,0,0,1.0,0,0
2020-05-27,25.03643562992,1,0,0,0,2,0,0,0,0,0,0,1.0,0,0
2020-05-28,24.686291992919998,1,0,0,0,3,0,0,0,0,0,0,1.0,0,0
2020-05-29,24.655867392919998,1,0,0,0,4,0,0,0,0,0,0,1.0,0,0
2020-06-01,24.3860919667,1,0,0,0,5,0,0,0,0,0,0,1.0,0,0
2020-06-02,24.544808149900003,1,0,0,0,0,0,0,0,0,0,0,1.0,0,0
2020-06-03,24.4869386195,1,0,0,0,0,0,0,0,0,0,0,1.0,0,0
2020-06-04,24.424027887060003,1,0,0,0,0,0,0,0,0,0,0,1.0,0,0
2020-06-05,24.297970182060002,1,0,0,0,0,0,0,0,0,0,0,1.0,0,0
2020-06-08,24.28573055011,1,0,0,0,0,0,0,0,0,0,0,1.0,0,0
2020-06-09,24.176007690709998,1,0,0,0,0,0,0,0,0,0,0,1.0,0,0
2020-06-10,24.18731448611,1,0,0,0,0,0,0,0,0,0,0,1.0,0,0
2020-06-11,24.03239148611,1,0,0,0,0,0,0,0,0,0,0,1.0,0,0
2020-06-12,24.021292895709998,1,0,0,0,0,0,0,0,0,0,0,1.0,0,0
2020-06-15,24.11513911131,1,0,0,0,0,0,0,0,0,0,0,1.0,0,0
2020-06-16,24.09450492891,1,0,0,0,0,0,0,0,0,0,0,1.0,0,0
2020-06-17,23.94733369511,1,0,0,0,0,0,0,0,0,0,0,1.0,0,0
2020-06-18,24.021773276330002,1,0,0,0,0,0,0,0,0,0,0,1.0,0,0
2020-06-19,23.972809945639998,1,0,0,0,0,0,0,0,0,0,0,1.0,0,0
2020-06-22,23.75433269964,1,0,0,0,0,0,0,0,0,0,0,1.0,0,0
2020-06-23,23.80085256754,1,0,0,0,0,0,0,0,0,0,0,1.0,0,0
2020-06-24,23.82306706894,1,0,0,0,0,0,0,0,0,0,0,1.0,0,0
2020-06-25,23.85936408474,1,0,0,0,0,0,0,0,0,0,0,1.0,0,0
2020-06-26,23.8376886553,1,0,0,0,0,0,0,0,0,0,0,1.0,0,0
2020-06-29,23.79268022964,1,0,0,0,0,0,0,0,0,0,0,1.0,0,0
2020-06-30,23.848144398229998,1,0,0,0,0,0,0,0,0,0,0,1.0,0,0
2020-07-01,24.02975049223,1,0,0,0,0,0,0,0,0,0,0,1.0,0,0
2020-07-02,23.764457760630002,1,0,0,0,0,0,0,0,0,0,0,1.0,0,0
2020-07-03,23.978146919830003,1,0,0,0,0,0,0,0,0,0,0,1.0,0,0
2020-07-06,23.94743463723,1,0,0,0,0,0,0,0,0,0,0,1.0,0,0
2020-07-07,24.05448752583,1,0,0,0,0,0,0,0,0,0,0,1.0,0,0
2020-07-08,24.029965314130003,1,0,0,0,0,0,0,0,0,0,0,1.0,0,0
2020-07-09,24.00053619253,1,0,0,0,0,0,0,0,0,0,0,1.0,0,0
2020-07-10,24.018402492529997,1,0,0,0,0,0,0,0,0,0,0,1.0,0,0
2020-07-13,23.94998645769,1,0,0,0,0,0,0,0,0,0,0,1.0,0,0
2020-07-14,24.07655015069,1,0,0,0,0,0,0,0,0,0,0,1.0,0,0
2020-07-15,24.10944236409,1,0,0,0,0,0,0,0,0,0,0,1.0,0,0
2020-07-16,24.10834319105,1,0,0,0,0,0,0,0,0,0,0,1.0,0,0
2020-07-17,24.12846179105,1,0,0,0,0,0,0,0,0,0,0,1.0,0,0
2020-07-20,24.08351684445,1,0,0,0,0,0,0,0,0,0,0,1.0,0,0
2020-07-21,24.28395508585,1,0,0,0,0,0,0,0,0,0,0,1.0,0,0
2020-07-22,24.418979042849998,1,0,0,0,0,0,0,0,0,0,0,1.0,0,0
2020-07-23,24.534902751689998,1,0,0,0,0,0,0,0,0,0,0,1.0,0,0
2020-07-24,24.57374268309,1,0,0,0,0,5,0,0,0,0,0,1.0,0,0
2020-07-27,24.85447378509,1,0,0,0,0,4,0,0,0,0,0,1.0,0,0
2020-07-28,25.099308803689997,1,0,0,0,0,3,0,0,0,0,0,1.0,0,0
2020-07-29,25.33541263589,1,0,0,0,0,2,0,0,0,0,0,1.0,0,0
2020-07-30,25.66917346909,1,0,0,0,0,1,0,0,0,0,0,1.0,0,0
2020-07-31,25.66917346909,0,0,0,0,0,0,0,0,0,0,0,0.0,0,0
2020-08-03,25.67479992829,1,0,0,0,0,0,1,0,0,0,0,1.0,0,0
2020-08-04,26.154956156889998,1,0,0,0,0,0,2,0,0,0,0,1.0,0,0
2020-08-05,25.841219698299998,1,0,0,0,0,0,3,0,0,0,0,1.0,0,0
2020-08-06,25.7801144741,1,0,0,0,0,0,0,0,0,0,0,1.0,0,0
2020-08-07,25.7993809333,1,0,0,0,0,0,0,0,0,0,0,1.0,0,0
2020-08-10,25.6992160407,1,0,0,0,0,0,0,0,0,0,0,1.0,0,0
2020-08-11,25.8988816603,1,0,0,0,0,0,0,0,0,0,0,1.0,0,0
2020-08-12,25.886001761299998,1,0,0,0,0,0,0,0,0,0,0,1.0,0,0
2020-08-13,25.9204342489,1,0,0,0,0,0,0,0,0,0,0,1.0,0,0
2020-08-14,25.9562585669,1,0,0,0,0,0,0,0,0,0,0,1.0,0,0
2020-08-17,25.8727373629,1,0,0,0,0,0,0,0,0,0,0,1.0,0,0
2020-08-18,25.788181125900003,1,0,0,0,0,0,0,0,0,0,0,1.0,0,0
2020-08-19,25.8205704781,1,0,0,0,0,0,0,0,0,0,0,1.0,0,0
2020-08-20,25.8848258383,1,0,0,0,0,0,0,1,0,0,0,1.0,0,0
2020-08-21,25.8848258383,0,0,0,0,0,0,0,0,0,0,0,0.0,0,0
2020-08-24,25.79912927914,1,0,0,0,0,0,0,0,1,0,0,1.0,0,0
2020-08-25,25.892853964220002,1,0,0,0,0,0,0,0,0,0,0,1.0,0,0
2020-08-26,25.88209033742,1,0,0,0,0,0,0,0,0,0,0,1.0,0,0
2020-08-27,25.95259906762,1,0,0,0,0,0,0,0,0,0,0,1.0,0,0
2020-08-28,25.91756223022,1,0,0,0,0,0,0,0,0,0,0,1.0,0,0
2020-08-31,25.86730401947,1,0,0,0,0,0,0,0,0,0,0,1.0,0,0
2020-09-01,25.93679269547,1,0,0,0,0,0,0,0,0,0,0,1.0,0,0
2020-09-02,25.99420632847,1,0,0,0,0,0,0,0,0,0,0,1.0,0,0
2020-09-03,25.94430576807,1,0,0,0,0,0,0,0,0,0,0,1.0,0,0
2020-09-04,26.064268881470003,1,0,0,0,0,0,0,0,0,0,0,1.0,0,0
2020-09-07,25.87776278107,1,0,0,0,0,0,0,0,0,0,0,1.0,0,0
2020-09-08,25.93567196287,1,0,0,0,0,0,0,0,0,0,0,1.0,0,0
2020-09-09,26.00499650107,1,0,0,0,0,0,0,0,0,0,0,1.0,0,0
2020-09-10,26.04432606507,1,0,0,0,0,0,0,0,0,0,0,1.0,0,0
2020-09-11,26.103589992470003,1,0,0,0,0,0,0,0,0,0,0,1.0,0,0
2020-09-14,25.994673261069998,1,0,0,0,0,0,0,0,0,0,0,1.0,0,0
2020-09-15,25.878573380669998,1,0,0,0,0,0,0,0,0,0,0,1.0,0,0
2020-09-16,25.882270837470003,1,0,0,0,0,0,0,0,0,0,0,1.0,0,0
2020-09-17,25.988090422470002,1,0,0,0,0,0,0,0,0,0,0,1.0,0,0
2020-09-18,25.92024297687,1,0,0,0,0,0,0,0,0,0,0,1.0,0,0
2020-09-21,25.82529470247,1,0,0,0,0,0,0,0,0,0,0,1.0,0,0
2020-09-22,25.96226957727,1,0,0,0,0,0,0,0,0,0,0,1.0,0,0
2020-09-23,25.96879842507,1,0,0,0,0,0,0,0,0,0,0,1.0,0,0
2020-09-24,26.01768254807,1,0,0,0,0,0,0,0,0,0,0,1.0,0,0
2020-09-25,25.91798698647,1,0,0,0,0,0,0,0,0,0,0,1.0,0,0
2020-09-28,25.968037508669997,1,0,0,0,0,0,0,0,0,0,0,1.0,0,0
2020-09-29,26.07496372167,1,0,0,0,0,0,0,0,0,0,0,1.0,0,0
2020-09-30,26.14462016551,1,0,0,0,0,0,0,0,0,0,0,1.0,0,0
2020-10-01,26.05722288071,1,0,0,0,0,0,0,0,0,0,0,1.0,0,0
2020-10-02,26.06165856011,1,0,0,0,0,0,0,0,0,0,0,1.0,0,0
2020-10-05,25.95889313991,1,0,0,0,0,0,0,0,0,0,0,1.0,0,0
2020-10-06,26.04845836071,1,0,0,0,0,0,0,0,0,0,0,1.0,0,0
2020-10-07,26.23689134171,1,0,0,0,0,0,0,0,0,0,0,1.0,0,0
2020-10-08,26.30999914891,1,0,0,0,0,0,0,0,0,0,0,1.0,0,0
2020-10-09,26.27287266791,1,0,0,0,0,0,0,0,0,0,0,1.0,0,0
2020-10-12,26.32891003571,1,0,0,0,0,0,0,0,0,0,0,1.0,0,0
2020-10-13,26.21663159871,1,0,0,0,0,0,0,0,0,0,0,1.0,0,0
2020-10-14,26.24814625891,1,0,0,0,0,0,0,0,0,0,0,1.0,0,0
2020-10-15,26.20470381071,1,0,0,0,0,0,0,0,0,0,0,1.0,0,0
2020-10-16,26.24287584951,1,0,0,0,0,0,0,0,0,0,0,1.0,0,0
2020-10-19,26.170815014509998,1,0,0,0,0,0,0,0,0,0,0,1.0,0,0
2020-10-20,26.09490891071,1,0,0,0,0,0,0,0,0,0,0,1.0,0,0
2020-10-21,26.11993237891,1,0,0,0,0,0,0,0,0,0,0,1.0,0,0
2020-10-22,26.13865417891,1,0,0,0,0,0,0,0,0,0,0,1.0,0,0
2020-10-23,26.13479942531,1,0,0,0,0,0,0,0,0,0,0,1.0,0,0
2020-10-26,26.35323619611,1,0,0,0,0,0,0,0,0,0,0,1.0,0,0
2020-10-27,26.38454070211,1,0,0,0,0,0,0,0,0,0,0,1.0,0,0
2020-10-28,26.77649589771,1,0,0,0,0,0,0,1,0,0,0,1.0,0,0
2020-10-29,26.77649589771,0,0,0,0,0,0,0,0,0,0,0,0.0,0,0
2020-10-30,26.77649589771,1,0,0,0,0,0,0,0,1,0,0,1.0,0,0
2020-11-02,26.836281391310003,1,0,0,0,0,0,0,0,0,0,0,1.0,0,0
2020-11-03,26.77209580391,1,0,0,0,0,0,0,0,0,0,0,1.0,0,0
2020-11-04,26.97979674711,1,0,0,0,0,0,0,0,0,0,0,1.0,0,0
2020-11-05,26.876880595310002,1,0,0,0,0,0,0,0,0,0,0,1.0,0,0
2020-11-06,26.76258060211,1,0,0,0,0,0,0,0,0,0,0,1.0,0,0
2020-11-09,26.723803336310002,1,0,0,0,0,0,0,0,0,0,0,1.0,0,0
2020-11-10,26.634116828310002,1,0,0,0,0,0,0,0,0,0,0,1.0,0,0
2020-11-11,26.64795447221,1,0,0,0,0,0,0,0,0,0,0,1.0,0,0
2020-11-12,26.72228531261,1,0,0,0,0,0,0,0,0,0,0,1.0,0,0
2020-11-13,26.65832455041,1,0,0,0,0,0,0,0,0,0,0,1.0,0,0
2020-11-16,26.77075742121,1,0,0,0,0,0,0,0,0,0,0,1.0,0,0
2020-11-17,26.794866418959998,1,0,0,0,0,0,0,0,0,0,0,1.0,0,0
2020-11-18,26.82002172596,1,0,0,0,0,0,0,0,0,0,0,1.0,0,0
2020-11-19,26.78211810976,1,0,0,0,0,0,0,0,0,0,0,1.0,0,0
2020-11-20,26.73580873636,1,0,0,0,0,0,0,0,0,0,0,1.0,0,0
2020-11-23,26.84120832196,1,0,0,0,0,0,0,0,0,0,0,1.0,0,0
2020-11-24,26.672536962560002,1,0,0,0,0,0,0,0,0,0,0,1.0,0,0
2020-11-25,26.85753304236,1,0,0,0,0,0,0,0,0,0,0,1.0,0,0
2020-11-26,26.93193304236,1,0,0,0,0,0,0,0,0,0,0,1.0,0,0
2020-11-27,26.91974022576,1,0,0,0,0,0,0,1,0,0,0,1.0,0,0
2020-11-30,27.09215768796,1,0,0,0,0,0,0,0,1,0,0,1.0,0,0
2020-12-01,27.07950480436,1,0,0,0,0,0,0,0,0,0,0,1.0,0,0
2020-12-02,27.10619205656,1,0,0,0,0,0,0,0,0,0,0,1.0,0,0
2020-12-03,27.22038298336,1,0,0,0,0,0,0,0,0,0,0,1.0,0,0
2020-12-04,27.208332558360002,1,0,0,0,0,0,0,0,0,0,0,1.0,0,0
2020-12-07,27.04988847096,1,0,0,0,0,0,0,0,0,0,0,1.0,0,0
2020-12-08,27.085698511380002,1,0,0,0,0,0,0,0,0,0,0,1.0,0,0
2020-12-09,27.27139559678,1,0,0,0,0,0,0,0,0,0,0,1.0,0,0
2020-12-10,27.165058667580002,1,0,0,0,0,0,0,0,0,0,0,1.0,0,0
2020-12-11,27.06272904318,1,0,0,0,0,0,0,0,0,0,0,1.0,0,0
2020-12-14,27.075407032580003,1,0,0,0,0,0,0,0,0,0,0,1.0,0,0
2020-12-15,27.00340338118,1,0,0,0,0,0,0,0,0,0,0,1.0,0,0
2020-12-16,27.03317145738,1,0,0,0,0,0,0,0,0,0,0,1.0,0,0
2020-12-17,27.078632426259997,1,0,0,0,0,0,0,0,0,0,0,1.0,0,0
2020-12-18,26.97376084626,1,0,0,0,0,0,0,0,0,0,0,1.0,0,0
2020-12-21,27.01228727206,1,0,0,0,0,0,0,0,0,0,0,1.0,0,0
2020-12-22,27.142484526860002,1,0,0,0,0,0,0,0,0,0,0,1.0,0,0
2020-12-23,27.13821409486,1,0,0,0,0,0,0,0,0,0,0,1.0,0,0
2020-12-24,27.085411032259998,1,0,0,0,0,0,0,1,0,0,0,1.0,0,0
2020-12-25,27.085411032259998,0,0,0,0,0,0,0,0,0,0,0,0.0,0,0
2020-12-28,27.19457905786,1,0,0,0,0,0,0,0,0,0,0,1.0,0,0
2020-12-29,27.270574474860002,1,0,0,0,0,0,0,0,0,0,0,1.0,0,0
2020-12-30,26.88115459646,1,0,0,0,0,0,0,0,0,0,0,1.0,0,0
2020-12-31,26.83912447864,1,0,0,0,0,0,0,0,0,0,0,1.0,1,0
2021-01-01,26.83912447864,0,0,0,0,0,0,0,0,0,0,0,0.0,0,0
2021-01-04,26.89637701164,1,0,0,0,0,0,0,0,0,0,0,1.0,0,1
2021-01-05,27.16288955564,1,0,0,0,0,0,0,0,0,0,0,1.0,0,0
2021-01-06,27.23993747224,1,0,0,0,0,0,0,0,0,0,0,1.0,0,0
2021-01-07,27.42572165584,1,0,0,0,0,0,0,0,0,0,0,1.0,0,0
2021-01-08,27.346146690439998,1,0,0,0,0,0,0,0,0,0,0,1.0,0,0
2021-01-11,27.449764832240003,1,0,0,0,0,0,0,0,0,0,0,1.0,0,0
2021-01-12,27.47901675344,1,0,0,0,0,0,0,0,0,0,0,1.0,0,0
2021-01-13,27.677200759639998,1,0,0,0,0,0,0,0,0,0,0,1.0,0,0
2021-01-14,27.70569711204,1,0,0,0,0,0,0,0,0,0,0,1.0,0,0
2021-01-15,27.57971807464,1,0,0,0,0,0,0,0,0,0,0,1.0,0,0
2021-01-18,27.43297216084,1,0,0,0,0,0,0,0,0,0,0,1.0,0,0
2021-01-19,27.50998350824,1,0,0,0,0,0,0,0,0,0,0,1.0,0,0
2021-01-20,27.44169905704,1,0,0,0,0,0,0,0,0,0,0,1.0,0,0
2021-01-21,27.71684026664,1,0,0,0,0,0,0,0,0,0,0,1.0,0,0
2021-01-22,27.707623044840002,1,0,0,0,0,0,0,0,0,0,0,1.0,0,0
2021-01-25,27.739674640439997,1,0,0,0,0,0,0,0,0,0,0,1.0,0,0
2021-01-26,27.829365909240003,1,0,0,0,0,0,0,0,0,0,0,1.0,0,0
2021-01-27,27.94741239604,1,0,0,0,0,0,0,0,0,0,0,1.0,0,0
2021-01-28,28.09267033484,1,0,0,0,0,0,0,0,0,0,0,1.0,0,0
2021-01-29,28.120854357040002,1,0,0,0,0,0,0,0,0,0,0,1.0,0,0
2021-02-01,28.259949898240002,1,0,0,0,0,0,0,0,0,0,0,1.0,0,0
2021-02-02,28.28645415724,1,0,0,0,0,0,0,0,0,0,0,1.0,0,0
2021-02-03,28.30166625868,1,0,0,0,0,0,0,0,0,0,0,1.0,0,0
2021-02-04,28.33256780508,1,0,0,0,0,0,0,0,0,0,0,1.0,0,0
2021-02-05,28.36528788108,1,0,0,0,0,0,0,0,0,0,0,1.0,0,0
2021-02-08,28.345464820580002,1,0,0,0,0,0,0,0,0,0,0,1.0,0,0
2021-02-09,28.491002569779997,1,0,0,0,0,0,0,0,0,0,0,1.0,0,0
2021-02-10,28.56300313618,1,0,0,0,0,0,0,0,0,0,0,1.0,0,0
2021-02-11,28.57190553558,1,0,0,0,0,0,0,0,0,0,0,1.0,0,0
2021-02-12,28.40442785598,1,0,0,0,0,0,0,0,0,0,0,1.0,0,0
2021-02-15,28.32480002298,1,0,0,0,0,0,0,0,0,0,0,1.0,0,0
2021-02-16,28.36105992428,1,0,0,0,0,0,0,0,0,0,0,1.0,0,0
2021-02-17,28.35899287658,1,0,0,0,0,0,0,0,0,0,0,1.0,0,0
2021-02-18,28.43909619838,1,0,0,0,0,0,0,0,0,0,0,1.0,0,0
2021-02-19,28.409292343380002,1,0,0,0,0,0,0,0,0,0,0,1.0,0,0
2021-02-22,28.320147009779998,1,0,0,0,0,0,0,0,0,0,0,1.0,0,0
2021-02-23,28.33461148258,1,0,0,0,0,0,0,0,0,0,0,1.0,0,0
2021-02-24,28.288991799580003,1,0,0,0,0,0,0,0,0,0,0,1.0,0,0
2021-02-25,28.25597067798,1,0,0,0,0,0,0,0,0,0,0,1.0,0,0
2021-02-26,28.22073475918,1,0,0,0,0,0,0,0,0,0,0,1.0,0,0
2021-03-01,28.40549422878,1,0,0,0,0,0,0,0,0,0,0,1.0,0,0
2021-03-02,28.39907235378,1,0,0,0,0,0,0,0,0,0,0,1.0,0,0
2021-03-03,28.449475130979998,1,0,0,0,0,0,0,0,0,0,0,1.0,0,0
2021-03-04,28.41746923178,1,0,0,0,0,0,0,0,0,0,0,1.0,0,0
2021-03-05,28.47755876378,1,0,0,0,0,0,0,0,0,0,0,1.0,0,0
2021-03-08,28.46099544378,1,0,0,0,0,0,0,0,0,0,0,1.0,0,0
2021-03-09,28.344228588180002,1,0,0,0,0,0,0,0,0,0,0,1.0,0,0
2021-03-10,28.41071488178,1,0,0,0,0,0,0,0,0,0,0,1.0,0,0
2021-03-11,28.62182446458,1,0,0,0,0,0,0,0,0,0,0,1.0,0,0
2021-03-12,28.304967074380002,1,0,0,0,0,0,0,0,0,0,0,1.0,0,0
2021-03-15,28.13869196918,1,0,0,0,0,0,0,0,0,0,0,1.0,0,0
2021-03-16,28.168505430779998,1,0,0,0,0,0,0,0,0,0,0,1.0,0,0
2021-03-17,28.16170270538,1,0,0,0,0,0,0,0,0,0,0,1.0,0,0
2021-03-18,28.06463606678,1,0,0,0,0,0,0,0,0,0,0,1.0,0,0
2021-03-19,27.93327526178,1,0,0,0,0,0,0,0,0,0,0,1.0,0,0
2021-03-22,28.01051725473,1,0,0,0,0,0,0,0,0,0,0,1.0,0,0
2021-03-23,28.054804053130002,1,0,0,0,0,0,0,0,0,0,0,1.0,0,0
2021-03-24,28.13169672553,1,0,0,0,0,0,0,0,0,0,0,1.0,0,0
2021-03-25,28.353036619330002,1,0,0,0,0,0,0,0,0,0,0,1.0,0,0
2021-03-26,28.197183999529997,1,0,0,0,0,0,0,0,0,0,0,1.0,0,0
2021-03-29,28.328043663330003,1,0,0,0,0,0,0,0,0,0,0,1.0,0,0
2021-03-30,28.20434352393,1,0,0,0,0,0,0,0,0,0,0,1.0,0,0
2021-03-31,28.32761236733,1,0,0,0,0,0,0,0,0,0,0,1.0,0,0
2021-04-01,28.39021427453,1,0,0,0,0,0,0,0,0,0,0,1.0,0,0
2021-04-02,28.47207461033,1,0,0,0,0,0,0,0,0,0,0,1.0,0,0
2021-04-05,28.330335255330002,1,0,0,0,0,0,0,0,0,0,0,1.0,0,0
2021-04-06,28.35312928773,1,5,0,0,0,0,0,0,0,0,0,1.0,0,0
2021-04-07,28.42081609373,1,4,0,0,0,0,0,0,0,0,0,1.0,0,0
2021-04-08,28.31787858513,1,3,0,0,0,0,0,0,0,0,0,1.0,0,0
2021-04-09,28.35637100273,1,2,0,0,0,0,0,0,0,0,0,1.0,0,0
2021-04-12,28.410255264529997,1,1,0,0,0,0,0,0,0,0,0,1.0,0,0
2021-04-13,28.36681857973,1,0,1,0,0,0,0,0,0,0,0,1.0,0,0
2021-04-14,28.424758219930002,1,0,2,0,0,0,0,0,0,0,0,1.0,0,0
2021-04-15,28.39828205253,1,0,0,0,0,0,0,0,0,0,0,1.0,0,0
2021-04-16,28.354936722130002,1,0,0,0,0,0,0,0,0,0,0,1.0,0,0
2021-04-19,28.325734694330002,1,0,0,0,0,0,0,0,0,0,0,1.0,0,0
2021-04-20,28.24819981013,1,0,0,0,0,0,0,0,0,0,0,1.0,0,0
2021-04-21,28.31872782053,1,0,0,0,0,0,0,0,0,0,0,1.0,0,0
2021-04-22,28.45439667053,1,0,0,0,0,0,0,0,0,0,0,1.0,0,0
2021-04-23,28.44878215233,1,0,0,0,0,0,0,0,0,0,0,1.0,0,0
2021-04-26,28.41258999273,1,0,0,0,0,0,0,0,0,0,0,1.0,0,0
2021-04-27,28.294602764529998,1,0,0,0,0,0,0,0,0,0,0,1.0,0,0
2021-04-28,28.45335686113,1,0,0,0,0,0,0,0,0,0,0,1.0,0,0
2021-04-29,28.67090218313,1,0,0,0,0,0,0,0,0,0,0,1.0,0,0
2021-04-30,28.61893990273,1,0,0,0,0,0,0,0,0,0,0,1.0,0,0
2021-05-03,28.584054287529998,1,0,0,0,0,0,0,0,0,0,0,1.0,0,0
2021-05-04,28.67281260113,1,0,0,0,0,0,0,0,0,0,0,1.0,0,0
2021-05-05,28.93550098333,1,0,0,0,0,0,0,0,0,0,0,1.0,0,0
2021-05-06,29.15207272513,1,0,0,5,0,0,0,0,0,0,0,1.0,0,0
2021-05-07,29.34951316173,1,0,0,4,0,0,0,0,0,0,0,1.0,0,0
2021-05-10,29.56110017233,1,0,0,3,0,0,0,0,0,0,0,1.0,0,0
2021-05-11,29.875726659130002,1,0,0,2,0,0,0,0,0,0,0,1.0,0,0
2021-05-12,29.98605540973,1,0,0,1,0,0,0,0,0,0,0,1.0,0,0
2021-05-13,29.98605540973,0,0,0,0,0,0,0,0,0,0,0,0.0,0,0
2021-05-14,29.98605540973,0,0,0,0,0,0,0,0,0,0,0,0.0,0,0
2021-05-17,30.04136147973,1,0,0,0,1,0,0,0,0,0,0,1.0,0,0
2021-05-18,30.040882831330002,1,0,0,0,2,0,0,0,0,0,0,1.0,0,0
2021-05-19,30.17300289993,1,0,0,0,0,0,0,0,0,0,0,1.0,0,0
2021-05-20,30.22758636713,1,0,0,0,0,0,0,0,0,0,0,1.0,0,0
2021-05-21,30.195582710529997,1,0,0,0,0,0,0,0,0,0,0,1.0,0,0
2021-05-24,30.203533520729998,1,0,0,0,0,0,0,1,0,0,0,1.0,0,0
2021-05-25,30.203533520729998,0,0,0,0,0,0,0,0,0,0,0,0.0,0,0
2021-05-26,30.04873619833,1,0,0,0,0,0,0,0,1,0,0,1.0,0,0
2021-05-27,30.15426511273,1,0,0,0,0,0,0,0,0,0,0,1.0,0,0
2021-05-28,30.195945842529998,1,0,0,0,0,0,0,0,0,0,0,1.0,0,0
2021-05-31,30.055920085529998,1,0,0,0,0,0,0,0,0,0,0,1.0,0,0
2021-06-01,30.00418993653,1,0,0,0,0,0,0,0,0,0,0,1.0,0,0
2021-06-02,30.39741397693,1,0,0,0,0,0,0,0,0,0,0,1.0,0,0
2021-06-03,30.41601920893,1,0,0,0,0,0,0,0,0,0,0,1.0,0,0
2021-06-04,30.05817726153,1,0,0,0,0,0,0,0,0,0,0,1.0,0,0
2021-06-07,29.948506822,1,0,0,0,0,0,0,0,0,0,0,1.0,0,0
2021-06-08,29.956296541599997,1,0,0,0,0,0,0,0,0,0,0,1.0,0,0
2021-06-09,29.944794294,1,0,0,0,0,0,0,0,0,0,0,1.0,0,0
2021-06-10,29.994628256200002,1,0,0,0,0,0,0,0,0,0,0,1.0,0,0
2021-06-11,30.0424059038,1,0,0,0,0,0,0,0,0,0,0,1.0,0,0
2021-06-14,29.7334118358,1,0,0,0,0,0,0,0,0,0,0,1.0,0,0
2021-06-15,29.66120812,1,0,0,0,0,0,0,0,0,0,0,1.0,0,0
2021-06-16,29.516914443599997,1,0,0,0,0,0,0,0,0,0,0,1.0,0,0
2021-06-17,29.4489413262,1,0,0,0,0,0,0,0,0,0,0,1.0,0,0
2021-06-18,29.468979562799998,1,0,0,0,0,0,0,0,0,0,0,1.0,0,0
2021-06-21,29.4482190272,1,0,0,0,0,0,0,0,0,0,0,1.0,0,0
2021-06-22,29.3901639278,1,0,0,0,0,0,0,0,0,0,0,1.0,0,0
2021-06-23,29.388288515,1,0,0,0,0,0,0,0,0,0,0,1.0,0,0
2021-06-24,29.389701282,1,0,0,0,0,0,0,0,0,0,0,1.0,0,0
2021-06-25,29.4758430334,1,0,0,0,0,0,0,0,0,0,0,1.0,0,0
2021-06-28,29.5041441656,1,0,0,0,0,0,0,0,0,0,0,1.0,0,0
2021-06-29,29.7394610468,1,0,0,0,0,0,0,0,0,0,0,1.0,0,0
2021-06-30,29.534395407,1,0,0,0,0,0,0,0,0,0,0,1.0,0,0
2021-07-01,29.4904153294,1,0,0,0,0,0,0,0,0,0,0,1.0,0,0
2021-07-02,29.559846263599997,1,0,0,0,0,0,0,0,0,0,0,1.0,0,0
2021-07-05,29.578998468,1,0,0,0,0,0,0,0,0,0,0,1.0,0,0
2021-07-06,29.579318625400003,1,0,0,0,0,0,0,0,0,0,0,1.0,0,0
2021-07-07,29.663270459,1,0,0,0,0,0,0,0,0,0,0,1.0,0,0
2021-07-08,29.695042604799998,1,0,0,0,0,0,0,0,0,0,0,1.0,0,0
2021-07-09,29.6749110256,1,0,0,0,0,0,0,0,0,0,0,1.0,0,0
2021-07-12,29.75738589368,1,0,0,0,0,0,0,0,0,0,0,1.0,0,0
2021-07-13,29.79275923868,1,0,0,0,0,0,0,0,0,0,0,1.0,0,0
2021-07-14,29.867077750080004,1,0,0,0,0,5,0,0,0,0,0,1.0,0,0
2021-07-15,30.20751540668,1,0,0,0,0,4,0,0,0,0,0,1.0,0,0
2021-07-16,30.35070326368,1,0,0,0,0,3,0,0,0,0,0,1.0,0,0
2021-07-19,30.771650341279997,1,0,0,0,0,2,0,0,0,0,0,1.0,0,0
2021-07-20,31.12638600308,1,0,0,0,0,1,0,0,0,0,0,1.0,0,0
2021-07-21,31.12638600308,0,0,0,0,0,0,0,0,0,0,0,0.0,0,0
2021-07-22,31.12638600308,0,0,0,0,0,0,0,0,0,0,0,0.0,0,0
2021-07-23,31.12638600308,0,0,0,0,0,0,0,0,0,0,0,0.0,0,0
2021-07-26,31.26904050588,1,0,0,0,0,0,1,0,0,0,0,1.0,0,0
2021-07-27,31.27093622908,1,0,0,0,0,0,2,0,0,0,0,1.0,0,0
2021-07-28,31.33814806968,1,0,0,0,0,0,3,0,0,0,0,1.0,0,0
2021-07-29,31.412870999880003,1,0,0,0,0,0,4,0,0,0,0,1.0,0,0
2021-07-30,31.41550896308,1,0,0,0,0,0,5,0,0,0,0,1.0,0,0
2021-08-02,31.09625896608,1,0,0,0,0,0,0,0,0,0,0,1.0,0,0
2021-08-03,31.05875817048,1,0,0,0,0,0,0,0,0,0,0,1.0,0,0
2021-08-04,31.17469159568,1,0,0,0,0,0,0,0,0,0,0,1.0,0,0
2021-08-05,31.25998749368,1,0,0,0,0,0,0,0,0,0,0,1.0,0,0
2021-08-06,31.113923798080002,1,0,0,0,0,0,0,0,0,0,0,1.0,0,0
2021-08-09,31.22221969028,1,0,0,0,0,0,0,1,0,0,0,0.0,0,0
2021-08-10,31.22221969028,0,0,0,0,0,0,0,0,0,0,0,0.0,0,0
2021-08-11,31.06237606578,1,0,0,0,0,0,0,0,1,0,0,1.0,0,0
2021-08-12,31.10565037018,1,0,0,0,0,0,0,0,0,0,0,1.0,0,0
2021-08-13,31.04926422198,1,0,0,0,0,0,0,0,0,0,0,0.0,0,0
2021-08-16,30.895842701779998,1,0,0,0,0,0,0,0,0,0,0,1.0,0,0
2021-08-17,30.84638990838,1,0,0,0,0,0,0,0,0,0,0,1.0,0,0
2021-08-18,30.94117775098,1,0,0,0,0,0,0,0,0,0,0,1.0,0,0
2021-08-19,31.032845025380002,1,0,0,0,0,0,0,0,0,0,0,0.0,0,0
2021-08-20,30.919793019580002,1,0,0,0,0,0,0,0,0,0,0,0.0,0,0
2021-08-23,30.90142782198,1,0,0,0,0,0,0,0,0,0,0,1.0,0,0
2021-08-24,30.785149731380002,1,0,0,0,0,0,0,0,0,0,0,1.0,0,0
2021-08-25,30.821871789779998,1,0,0,0,0,0,0,0,0,0,0,0.0,0,0
2021-08-26,30.92532733738,1,0,0,0,0,0,0,0,0,0,0,1.0,0,0
2021-08-27,30.88791017038,1,0,0,0,0,0,0,0,0,0,0,1.0,0,0
2021-08-30,30.82393287973,1,0,0,0,0,0,0,0,0,0,0,0.0,0,0
2021-08-31,30.897404939580003,1,0,0,0,0,0,0,0,0,0,0,1.0,0,0
2021-09-01,30.83942371098,1,0,0,0,0,0,0,0,0,0,0,0.0,0,0
2021-09-02,30.975137029779997,1,0,0,0,0,0,0,0,0,0,0,1.0,0,0
2021-09-03,30.87844280218,1,0,0,0,0,0,0,0,0,0,0,1.0,0,0
2021-09-06,31.004496755580004,1,0,0,0,0,0,0,0,0,0,0,1.0,0,0
2021-09-07,30.94671048298,1,0,0,0,0,0,0,0,0,0,0,1.0,0,0
2021-09-08,30.93077630818,1,0,0,0,0,0,0,0,0,0,0,0.0,0,0
2021-09-09,30.92518708478,1,0,0,0,0,0,0,0,0,0,0,0.0,0,0
2021-09-10,30.85945040578,1,0,0,0,0,0,0,0,0,0,0,1.0,0,0
2021-09-13,30.869522784380003,1,0,0,0,0,0,0,0,0,0,0,0.0,0,0
2021-09-14,30.591865750580002,1,0,0,0,0,0,0,0,0,0,0,0.0,0,0
2021-09-15,30.41636621148,1,0,0,0,0,0,0,0,0,0,0,1.0,0,0
2021-09-16,30.33190288468,1,0,0,0,0,0,0,0,0,0,0,1.0,0,0
2021-09-17,30.32704746328,1,0,0,0,0,0,0,0,0,0,0,0.0,0,0
2021-09-20,30.257033756080002,1,0,0,0,0,0,0,0,0,0,0,1.0,0,0
2021-09-21,30.26917071908,1,0,0,0,0,0,0,0,0,0,0,0.0,0,0
2021-09-22,30.33603029088,1,0,0,0,0,0,0,0,0,0,0,1.0,0,0
2021-09-23,30.46713005268,1,0,0,0,0,0,0,0,0,0,0,1.0,0,0
2021-09-24,30.473457755880002,1,0,0,0,0,0,0,0,0,0,0,0.0,0,0
2021-09-27,30.494694044880003,1,0,0,0,0,0,0,0,0,0,0,1.0,0,0
2021-09-28,30.492180083380003,1,0,0,0,0,0,0,0,0,0,0,1.0,0,0
2021-09-29,30.570837149779997,1,0,0,0,0,0,0,0,0,0,0,0.0,0,0
2021-09-30,30.65954610418,1,0,0,0,0,0,0,0,0,0,0,1.0,0,0
2021-10-01,30.54761142738,1,0,0,0,0,0,0,0,0,0,0,0.0,0,0
2021-10-04,30.54996737098,1,0,0,0,0,0,0,0,0,0,0,0.0,0,0
2021-10-05,30.55026574398,1,0,0,0,0,0,0,0,0,0,0,0.0,0,0
2021-10-06,30.45203065698,1,0,0,0,0,0,0,0,0,0,0,0.0,0,0
2021-10-07,30.49039252478,1,0,0,0,0,0,0,0,0,0,0,0.0,0,0
2021-10-08,30.42169727358,1,0,0,0,0,0,0,0,0,0,0,0.0,0,0
2021-10-11,30.481342374580002,1,0,0,0,0,0,0,0,0,0,0,0.0,0,0
2021-10-12,30.42974273978,1,0,0,0,0,0,0,0,0,0,0,0.0,0,0
2021-10-13,30.45873375088,1,0,0,0,0,0,0,0,0,0,0,0.0,0,0
2021-10-14,30.54934234098,1,0,0,0,0,0,0,0,0,0,0,0.0,0,0
2021-10-15,30.54694463558,1,0,0,0,0,0,0,0,0,0,0,0.0,0,0
2021-10-18,30.55641727778,1,0,0,0,0,0,0,1,0,0,0,0.0,0,0
2021-10-19,30.55641727778,0,0,0,0,0,0,0,0,0,0,0,0.0,0,0
2021-10-20,30.78107001578,1,0,0,0,0,0,0,0,1,0,0,0.0,0,0
2021-10-21,30.850819105779998,1,0,0,0,0,0,0,0,0,0,0,0.0,0,0
2021-10-22,30.60322659198,1,0,0,0,0,0,0,0,0,0,0,0.0,0,0
2021-10-25,30.41245517218,1,0,0,0,0,0,0,0,0,0,0,0.0,0,0
2021-10-26,30.41514661518,1,0,0,0,0,0,0,0,0,0,0,0.0,0,0
2021-10-27,30.50737024418,1,0,0,0,0,0,0,0,0,0,0,0.0,0,0
2021-10-28,30.443736915779997,1,0,0,0,0,0,0,0,0,0,0,0.0,0,0
2021-10-29,30.322594286580003,1,0,0,0,0,0,0,0,0,0,0,0.0,0,0
2021-11-01,30.31718512038,1,0,0,0,0,0,0,0,0,0,0,0.0,0,0
2021-11-02,30.32231780278,1,0,0,0,0,0,0,0,0,0,0,0.0,0,0
2021-11-03,30.302779257380003,1,0,0,0,0,0,0,0,0,0,0,0.0,0,0
2021-11-04,30.33232627138,1,0,0,0,0,0,0,0,0,0,0,0.0,0,0
2021-11-05,30.264080821380002,1,0,0,0,0,0,0,0,0,0,0,0.0,0,0
2021-11-08,30.15114691238,1,0,0,0,0,0,0,0,0,0,0,0.0,0,0
2021-11-09,30.15314402658,1,0,0,0,0,0,0,0,0,0,0,0.0,0,0
2021-11-10,29.99829090878,1,0,0,0,0,0,0,0,0,0,0,0.0,0,0
2021-11-11,30.09996821518,1,0,0,0,0,0,0,0,0,0,0,0.0,0,0
2021-11-12,29.99251163818,1,0,0,0,0,0,0,0,0,0,0,0.0,0,0
2021-11-15,29.755922491779998,1,0,0,0,0,0,0,0,0,0,0,0.0,0,0
2021-11-16,29.73886463518,1,0,0,0,0,0,0,0,0,0,0,0.0,0,0
2021-11-17,29.72976325758,1,0,0,0,0,0,0,0,0,0,0,0.0,0,0
2021-11-18,29.61065372078,1,0,0,0,0,0,0,0,0,0,0,0.0,0,0
2021-11-19,29.54914149478,1,0,0,0,0,0,0,0,0,0,0,0.0,0,0
2021-11-22,29.59727206098,1,0,0,0,0,0,0,0,0,0,0,0.0,0,0
2021-11-23,29.56014579018,1,0,0,0,0,0,0,0,0,0,0,0.0,0,0
2021-11-24,29.490626533860002,1,0,0,0,0,0,0,0,0,0,0,0.0,0,0
2021-11-25,29.70660588446,1,0,0,0,0,0,0,0,0,0,0,0.0,0,0
2021-11-26,29.87971432866,1,0,0,0,0,0,0,1,0,0,0,0.0,0,0
2021-11-29,29.90626709726,1,0,0,0,0,0,0,0,1,0,0,0.0,0,0
2021-11-30,29.85889686646,1,0,0,0,0,0,0,0,0,0,0,0.0,0,0
2021-12-01,30.25663758106,1,0,0,0,0,0,0,0,0,0,0,0.0,0,0
2021-12-02,30.42232823126,1,0,0,0,0,0,0,0,0,0,0,0.0,0,0
2021-12-03,30.34479959886,1,0,0,0,0,0,0,0,0,0,0,0.0,0,0
2021-12-06,30.228362178060003,1,0,0,0,0,0,0,0,0,0,0,0.0,0,0
2021-12-07,30.362683864060003,1,0,0,0,0,0,0,0,0,0,0,0.0,0,0
2021-12-08,30.50029579666,1,0,0,0,0,0,0,0,0,0,0,0.0,0,0
2021-12-09,30.65646919966,1,0,0,0,0,0,0,0,0,0,0,0.0,0,0
2021-12-10,30.70780201746,1,0,0,0,0,0,0,0,0,0,0,0.0,0,0
2021-12-13,30.58503825066,1,0,0,0,0,0,0,0,0,0,0,0.0,0,0
2021-12-14,30.670972010819998,1,0,0,0,0,0,0,0,0,0,0,0.0,0,0
2021-12-15,30.704057770419997,1,0,0,0,0,0,0,0,0,0,0,0.0,0,0
2021-12-16,30.58935587502,1,0,0,0,0,0,0,0,0,0,0,0.0,0,0
2021-12-17,30.48906353702,1,0,0,0,0,0,0,0,0,0,0,0.0,0,0
2021-12-20,30.485153760619998,1,0,0,0,0,0,0,0,0,0,0,0.0,0,0
2021-12-21,30.46277398222,1,0,0,0,0,0,0,0,0,0,0,0.0,0,0
2021-12-22,30.425186211819998,1,0,0,0,0,0,0,0,0,0,0,0.0,0,0
2021-12-23,30.50702202782,1,0,0,0,0,0,0,0,0,0,0,0.0,0,0
2021-12-24,30.46808472982,1,0,0,0,0,0,0,1,0,0,0,0.0,0,0
2021-12-27,30.414032060220002,1,0,0,0,0,0,0,0,1,0,0,0.0,0,0
2021-12-28,30.30053503482,1,0,0,0,0,0,0,0,0,0,0,0.0,0,0
2021-12-29,30.42321090942,1,0,0,0,0,0,0,0,0,0,0,0.0,0,0
2021-12-30,30.390001075220002,1,0,0,0,0,0,0,0,0,0,0,0.0,0,0
2021-12-31,30.44181589202,1,0,0,0,0,0,0,0,0,0,0,0.0,1,0
2022-01-03,30.568839935819998,1,0,0,0,0,0,0,0,0,0,0,0.0,0,1
2022-01-04,30.768455480020002,1,0,0,0,0,0,0,0,0,0,0,0.0,0,0
2022-01-05,30.70345019922,1,0,0,0,0,0,0,0,0,0,0,0.0,0,0
2022-01-06,30.94388139342,1,0,0,0,0,0,0,0,0,0,0,0.0,0,0
2022-01-07,30.989272902819998,1,0,0,0,0,0,0,0,0,0,0,0.0,0,0
2022-01-10,30.950509430020002,1,0,0,0,0,0,0,0,0,0,0,0.0,0,0
2022-01-11,30.97516772982,1,0,0,0,0,0,0,0,0,0,0,0.0,0,0
2022-01-12,31.18384489002,1,0,0,0,0,0,0,0,0,0,0,0.0,0,0
2022-01-13,31.24972772802,1,0,0,0,0,0,0,0,0,0,0,0.0,0,0
2022-01-14,31.13297886082,1,0,0,0,0,0,0,0,0,0,0,0.0,0,0
2022-01-17,30.9473997273,1,0,0,0,0,0,0,0,0,0,0,0.0,0,0
2022-01-18,31.0457651315,1,0,0,0,0,0,0,0,0,0,0,0.0,0,0
2022-01-19,31.066410387900003,1,0,0,0,0,0,0,0,0,0,0,0.0,0,0
2022-01-20,30.9918006217,1,0,0,0,0,0,0,0,0,0,0,0.0,0,0
2022-01-21,30.9891639217,1,0,0,0,0,0,0,0,0,0,0,0.0,0,0
2022-01-24,30.7702577303,1,0,0,0,0,0,0,0,0,0,0,0.0,0,0
2022-01-25,30.8636388931,1,0,0,0,0,0,0,0,0,0,0,0.0,0,0
2022-01-26,30.9831036195,1,0,0,0,0,0,0,0,0,0,0,0.0,0,0
2022-01-27,30.8320396871,1,0,0,0,0,0,0,0,0,0,0,0.0,0,0
2022-01-28,30.7767644237,1,0,0,0,0,0,0,0,0,0,0,0.0,0,0
2022-01-31,31.0559300631,1,0,0,0,0,0,0,0,0,0,0,0.0,0,0
2022-02-01,31.0449054391,1,0,0,0,0,0,0,0,0,0,0,0.0,0,0
2022-02-02,31.178875011099997,1,0,0,0,0,0,0,0,0,0,0,0.0,0,0
2022-02-03,31.1271889997,1,0,0,0,0,0,0,0,0,0,0,0.0,0,0
2022-02-04,31.1082114285,1,0,0,0,0,0,0,0,0,0,0,0.0,0,0
2022-02-07,31.1144200897,1,0,0,0,0,0,0,0,0,0,0,0.0,0,0
2022-02-08,31.057420337900002,1,0,0,0,0,0,0,0,0,0,0,0.0,0,0
2022-02-09,31.1054003007,1,0,0,0,0,0,0,0,0,0,0,0.0,0,0
2022-02-10,31.150465078299998,1,0,0,0,0,0,0,0,0,0,0,0.0,0,0
2022-02-11,31.131816078299998,1,0,0,0,0,0,0,0,0,0,0,0.0,0,0
2022-02-14,31.1003535115763,1,0,0,0,0,0,0,0,0,0,0,0.0,0,0
2022-02-15,31.1226,1,0,0,0,0,0,0,0,0,0,0,0.0,0,0
2022-02-16,31.189,1,0,0,0,0,0,0,0,0,0,0,0.0,0,0
2022-02-17,31.204,1,0,0,0,0,0,0,0,0,0,0,0.0,0,0
2022-02-18,31.22,1,0,0,0,0,0,0,0,0,0,0,0.0,0,0
2022-02-21,31.2705238469122,1,0,0,0,0,0,0,0,0,0,0,0.0,0,0
2022-02-22,31.3007,1,0,0,0,0,0,0,0,0,0,0,0.0,0,0
2022-02-23,31.363,1,0,0,0,0,0,0,0,0,0,0,0.0,0,0
2022-02-24,31.395,1,0,0,0,0,0,0,0,0,0,0,0.0,0,0
2022-02-25,31.407,1,0,0,0,0,0,0,0,0,0,0,0.0,0,0
2022-02-28,30.473112850849997,1,0,0,0,0,0,0,0,0,0,0,0.0,0,0
2022-03-01,30.43036343065,1,0,0,0,0,0,0,0,0,0,0,0.0,0,0
2022-03-02,30.52775633945,1,0,0,0,0,0,0,0,0,0,0,0.0,0,0
2022-03-03,30.48315977925,1,0,0,0,0,0,0,0,0,0,0,0.0,0,0
2022-03-04,30.46747932625,1,0,0,0,0,0,0,0,0,0,0,0.0,0,0
2022-03-07,30.27717600785,1,0,0,0,0,0,0,0,0,0,0,0.0,0,0
2022-03-08,30.39224508625,1,0,0,0,0,0,0,0,0,0,0,0.0,0,0
2022-03-09,30.37239360465,1,0,0,0,0,0,0,0,0,0,0,0.0,0,0
2022-03-10,30.59658667225,1,0,0,0,0,0,0,0,0,0,0,0.0,0,0
2022-03-11,30.38495295305,1,0,0,0,0,0,0,0,0,0,0,0.0,0,0
2022-03-14,29.98510975745,1,0,0,0,0,0,0,0,0,0,0,0.0,0,0
2022-03-15,29.95406903845,1,0,0,0,0,0,0,0,0,0,0,0.0,0,0
2022-03-16,29.94130224665,1,0,0,0,0,0,0,0,0,0,0,0.0,0,0
2022-03-17,29.84270113848,1,0,0,0,0,0,0,0,0,0,0,0.0,0,0
2022-03-18,29.74391982541,1,0,0,0,0,0,0,0,0,0,0,0.0,0,0
2022-03-21,29.51799699241,1,0,0,0,0,0,0,0,0,0,0,0.0,0,0
2022-03-22,29.50300146561,1,0,0,0,0,0,0,0,0,0,0,0.0,0,0
2022-03-23,29.638566472810002,1,0,0,0,0,0,0,0,0,0,0,0.0,0,0
2022-03-24,29.75967469011,1,0,0,0,0,0,0,0,0,0,0,0.0,0,0
2022-03-25,29.64986143111,1,0,0,0,0,0,0,0,0,0,0,0.0,0,0
2022-03-28,29.70783936191,1,5,0,0,0,0,0,0,0,0,0,0.0,0,0
2022-03-29,29.41620028111,1,4,0,0,0,0,0,0,0,0,0,0.0,0,0
2022-03-30,29.55030580731,1,3,0,0,0,0,0,0,0,0,0,0.0,0,0
2022-03-31,29.79728311696,1,2,0,0,0,0,0,0,0,0,0,0.0,0,0
2022-04-01,29.72906427896,1,1,0,0,0,0,0,0,0,0,0,0.0,0,0
2022-04-04,29.96933203556,1,0,1,0,0,0,0,0,0,0,0,0.0,0,0
2022-04-05,29.72954055496,1,0,2,0,0,0,0,0,0,0,0,0.0,0,0
2022-04-06,29.69936985436,1,0,3,0,0,0,0,0,0,0,0,0.0,0,0
2022-04-07,29.803158789959998,1,0,4,0,0,0,0,0,0,0,0,0.0,0,0
2022-04-08,29.72804157996,1,0,5,0,0,0,0,0,0,0,0,0.0,0,0
2022-04-11,29.776223729759998,1,0,0,0,0,0,0,0,0,0,0,0.0,0,0
2022-04-12,29.65908695176,1,0,0,0,0,0,0,0,0,0,0,0.0,0,0
2022-04-13,29.65159190856,1,0,0,0,0,0,0,0,0,0,0,0.0,0,0
2022-04-14,29.83390477796,1,0,0,0,0,0,0,0,0,0,0,0.0,0,0
2022-04-15,29.624795847959998,1,0,0,0,0,0,0,0,0,0,0,0.0,0,0
2022-04-18,29.63317370266,1,0,0,0,0,0,0,0,0,0,0,0.0,0,0
2022-04-19,29.72053789686,1,0,0,0,0,0,0,0,0,0,0,0.0,0,0
2022-04-20,29.40995892426,1,0,0,0,0,0,0,0,0,0,0,0.0,0,0
2022-04-21,29.332851691259997,1,0,0,0,0,0,0,0,0,0,0,0.0,0,0
2022-04-22,29.26818321926,1,0,0,0,0,0,0,0,0,0,0,0.0,0,0
2022-04-25,29.22599180806,1,0,0,5,0,0,0,0,0,0,0,0.0,0,0
2022-04-26,29.41513778866,1,0,0,4,0,0,0,0,0,0,0,0.0,0,0
2022-04-27,29.53939510526,1,0,0,3,0,0,0,0,0,0,0,0.0,0,0
2022-04-28,29.928420581900003,1,0,0,2,0,0,0,0,0,0,0,0.0,0,0
2022-04-29,29.927095849900002,1,0,0,1,0,0,0,0,0,0,0,0.0,0,0
2022-05-02,29.927095849900002,0,0,0,0,0,0,0,0,0,0,0,0.0,0,0
2022-05-03,29.927095849900002,0,0,0,0,0,0,0,0,0,0,0,0.0,0,0
2022-05-04,30.164334895299998,1,0,0,0,1,0,0,0,0,0,0,0.0,0,0
2022-05-05,30.3782299051,1,0,0,0,2,0,0,0,0,0,0,0.0,0,0
2022-05-06,30.3799092183,1,0,0,0,3,0,0,0,0,0,0,0.0,0,0
2022-05-09,30.406336441900002,1,0,0,0,4,0,0,0,0,0,0,0.0,0,0
2022-05-10,30.132107665099998,1,0,0,0,5,0,0,0,0,0,0,0.0,0,0
2022-05-11,29.9421251567,1,0,0,0,0,0,0,0,0,0,0,0.0,0,0
2022-05-12,29.9303459281,1,0,0,0,0,0,0,0,0,0,0,0.0,0,0
2022-05-13,29.7456076279,1,0,0,0,0,0,0,0,0,0,0,0.0,0,0
2022-05-16,29.3801649527,1,0,0,0,0,0,0,0,0,0,0,0.0,0,0
2022-05-17,29.244724573099997,1,0,0,0,0,0,0,0,0,0,0,0.0,0,0
2022-05-18,29.1216721763,1,0,0,0,0,0,0,0,0,0,0,0.0,0,0
2022-05-19,29.0196092341,1,0,0,0,0,0,0,0,0,0,0,0.0,0,0
2022-05-20,28.9565407137,1,0,0,0,0,0,0,0,0,0,0,0.0,0,0
2022-05-23,28.4379575017,1,0,0,0,0,0,0,0,0,0,0,0.0,0,0
2022-05-24,28.419757213700002,1,0,0,0,0,0,0,1,0,0,0,0.0,0,0
2022-05-25,28.419757213700002,0,0,0,0,0,0,0,0,0,0,0,0.0,0,0
2022-05-26,28.6690120475,1,0,0,0,0,0,0,0,1,0,0,0.0,0,0
2022-05-27,28.5840566189,1,0,0,0,0,0,0,0,0,0,0,0.0,0,0
2022-05-30,28.6444104949,1,0,0,0,0,0,0,0,0,0,0,0.0,0,0
2022-05-31,28.5398961153,1,0,0,0,0,0,0,0,0,0,0,0.0,0,0
2022-06-01,28.5649939109,1,0,0,0,0,0,0,0,0,0,0,0.0,0,0
2022-06-02,28.5628514808,1,0,0,0,0,0,0,0,0,0,0,0.0,0,0
2022-06-03,28.4835260762,1,0,0,0,0,0,0,0,0,0,0,0.0,0,0
2022-06-06,28.514747231799998,1,0,0,0,0,0,0,0,0,0,0,0.0,0,0
2022-06-07,28.5084109039,1,0,0,0,0,0,0,0,0,0,0,0.0,0,0
2022-06-08,28.5892361607,1,0,0,0,0,0,0,0,0,0,0,0.0,0,0
2022-06-09,28.4871268027,1,0,0,0,0,0,0,0,0,0,0,0.0,0,0
2022-06-10,28.3770173312,1,0,0,0,0,0,0,0,0,0,0,0.0,0,0
2022-06-13,28.25951086365,1,0,0,0,0,0,0,0,0,0,0,0.0,0,0
2022-06-14,28.196714099450002,1,0,0,0,0,0,0,0,0,0,0,0.0,0,0
2022-06-15,28.28454932745,1,0,0,0,0,0,0,0,0,0,0,0.0,0,0
2022-06-16,28.25811745235,1,0,0,0,0,0,0,0,0,0,0,0.0,0,0
2022-06-17,28.021084315150002,1,0,0,0,0,0,0,0,0,0,0,0.0,0,0
2022-06-20,27.84811807515,1,0,0,0,0,0,0,0,0,0,0,0.0,0,0
2022-06-21,27.80874722623,1,0,0,0,0,0,0,0,0,0,0,0.0,0,0
2022-06-22,27.96302501613,1,0,0,0,0,0,0,0,0,0,0,0.0,0,0
2022-06-23,28.061853780630003,1,0,0,0,0,0,0,0,0,0,0,0.0,0,0
2022-06-24,28.035718104830003,1,0,0,0,0,0,0,0,0,0,0,0.0,0,0
2022-06-27,27.772706818830002,1,0,0,0,0,0,0,0,0,0,0,0.0,0,0
2022-06-28,27.71526903963,1,0,0,0,0,0,0,0,0,0,0,0.0,0,0
2022-06-29,27.88691450943,1,0,0,0,0,0,0,0,0,0,0,0.0,0,0
2022-06-30,27.929188580130003,1,0,0,0,0,0,0,0,0,0,0,0.0,0,0
2022-07-01,27.87400190273,1,0,0,0,0,0,0,0,0,0,0,0.0,0,0
2022-07-04,27.89798876883,1,0,0,0,0,5,0,0,0,0,0,0.0,0,0
2022-07-05,28.13834536183,1,0,0,0,0,4,0,0,0,0,0,0.0,0,0
2022-07-06,28.18835572063,1,0,0,0,0,3,0,0,0,0,0,0.0,0,0
2022-07-07,28.59347159033,1,0,0,0,0,2,0,0,0,0,0,0.0,0,0
2022-07-08,28.65368602453,1,0,0,0,0,1,0,0,0,0,0,0.0,0,0
2022-07-11,28.65368602453,0,0,0,0,0,0,0,0,0,0,0,0.0,0,0
2022-07-12,28.89209507533,1,0,0,0,0,0,1,0,0,0,0,0.0,0,0
2022-07-13,28.891040531130002,1,0,0,0,0,0,2,0,0,0,0,0.0,0,0
2022-07-14,28.882127012130002,1,0,0,0,0,0,3,0,0,0,0,0.0,0,0
2022-07-15,28.80363644593,1,0,0,0,0,0,4,0,0,0,0,0.0,0,0
2022-07-18,28.667965044029998,1,0,0,0,0,0,5,0,0,0,0,0.0,0,0
2022-07-19,28.48600509823,1,0,0,0,0,0,0,0,0,0,0,0.0,0,0
2022-07-20,28.56859067937,1,0,0,0,0,0,0,0,0,0,0,0.0,0,0
2022-07-21,28.48924507177,1,0,0,0,0,0,0,0,0,0,0,0.0,0,0
2022-07-22,28.49471208777,1,0,0,0,0,0,0,0,0,0,0,0.0,0,0
2022-07-25,28.63316551712,1,0,0,0,0,0,0,0,0,0,0,0.0,0,0
2022-07-26,28.243594815119998,1,0,0,0,0,0,0,0,0,0,0,0.0,0,0
2022-07-27,28.46034044172,1,0,0,0,0,0,0,0,0,0,0,0.0,0,0
2022-07-28,28.52774760172,1,0,0,0,0,0,0,0,0,0,0,0.0,0,0
2022-07-29,28.49247791392,1,0,0,0,0,0,0,1,0,0,0,0.0,0,0
2022-08-01,28.369367380819998,1,0,0,0,0,0,0,0,1,0,0,0.0,0,0
2022-08-02,28.492543248220002,1,0,0,0,0,0,0,0,0,0,0,0.0,0,0
2022-08-03,28.67280147762,1,0,0,0,0,0,0,0,0,0,0,0.0,0,0
2022-08-04,28.67474730652,1,0,0,0,0,0,0,0,0,0,0,0.0,0,0
2022-08-05,28.67408495232,1,0,0,0,0,0,0,0,0,0,0,0.0,0,0
2022-08-08,28.39318704452,1,0,0,0,0,0,0,0,0,0,0,0.0,0,0
2022-08-09,28.385103165919997,1,0,0,0,0,0,0,0,0,0,0,0.0,0,0
2022-08-10,28.61551698732,1,0,0,0,0,0,0,0,0,0,0,0.0,0,0
2022-08-11,28.62262728332,1,0,0,0,0,0,0,0,0,0,0,0.0,0,0
2022-08-12,28.489407702119998,1,0,0,0,0,0,0,0,0,0,0,0.0,0,0
2022-08-15,28.41023347152,1,0,0,0,0,0,0,0,0,0,0,0.0,0,0
2022-08-16,28.510701564919998,1,0,0,0,0,0,0,0,0,0,0,0.0,0,0
2022-08-17,28.55820164432,1,0,0,0,0,0,0,0,0,0,0,0.0,0,0
2022-08-18,28.50676480652,1,0,0,0,0,0,0,0,0,0,0,0.0,0,0
2022-08-19,28.37732480652,1,0,0,0,0,0,0,0,0,0,0,0.0,0,0
2022-08-22,28.240538254919997,1,0,0,0,0,0,0,0,0,0,0,0.0,0,0
2022-08-23,28.300028307119998,1,0,0,0,0,0,0,0,0,0,0,0.0,0,0
2022-08-24,28.258528485720003,1,0,0,0,0,0,0,0,0,0,0,0.0,0,0
2022-08-25,28.36877589492,1,0,0,0,0,0,0,0,0,0,0,0.0,0,0
2022-08-26,28.31627321112,1,0,0,0,0,0,0,0,0,0,0,0.0,0,0
2022-08-29,28.02472293932,1,0,0,0,0,0,0,0,0,0,0,0.0,0,0
2022-08-30,28.16789461372,1,0,0,0,0,0,0,0,0,0,0,0.0,0,0
2022-08-31,28.31321671932,1,0,0,0,0,0,0,0,0,0,0,0.0,0,0
2022-09-01,28.26373264572,1,0,0,0,0,0,0,0,0,0,0,0.0,0,0
2022-09-02,28.23965562052,1,0,0,0,0,0,0,0,0,0,0,0.0,0,0
2022-09-05,28.15940826972,1,0,0,0,0,0,0,0,0,0,0,0.0,0,0
2022-09-06,28.249700559919997,1,0,0,0,0,0,0,0,0,0,0,0.0,0,0
2022-09-07,28.34204806572,1,0,0,0,0,0,0,0,0,0,0,0.0,0,0
2022-09-08,28.14504985612,1,0,0,0,0,0,0,0,0,0,0,0.0,0,0
2022-09-09,28.07209433992,1,0,0,0,0,0,0,0,0,0,0,0.0,0,0
2022-09-12,27.92643425612,1,0,0,0,0,0,0,0,0,0,0,0.0,0,0
2022-09-13,27.98784250432,1,0,0,0,0,0,0,0,0,0,0,0.0,0,0
2022-09-14,28.078150963720002,1,0,0,0,0,0,0,0,0,0,0,0.0,0,0
2022-09-15,27.813177183919997,1,0,0,0,0,0,0,0,0,0,0,0.0,0,0
2022-09-16,27.65457713312,1,0,0,0,0,0,0,0,0,0,0,0.0,0,0
2022-09-19,27.69251696592,1,0,0,0,0,0,0,0,0,0,0,0.0,0,0
2022-09-20,27.581107619119997,1,0,0,0,0,0,0,0,0,0,0,0.0,0,0
2022-09-21,27.41603771032,1,0,0,0,0,0,0,0,0,0,0,0.0,0,0
2022-09-22,27.44597263152,1,0,0,0,0,0,0,0,0,0,0,0.0,0,0
2022-09-23,27.370941206119998,1,0,0,0,0,0,0,0,0,0,0,0.0,0,0
2022-09-26,27.317950292720003,1,0,0,0,0,0,0,0,0,0,0,0.0,0,0
2022-09-27,27.48886087932,1,0,0,0,0,0,0,0,0,0,0,0.0,0,0
2022-09-28,27.48704640452,1,0,0,0,0,0,0,0,0,0,0,0.0,0,0
2022-09-29,27.61245310012,1,0,0,0,0,0,0,0,0,0,0,0.0,0,0
2022-09-30,27.810108020119998,1,0,0,0,0,0,0,0,0,0,0,0.0,0,0
2022-10-03,27.870183393799998,1,0,0,0,0,0,0,0,0,0,0,0.0,0,0
2022-10-04,27.8782801778,1,0,0,0,0,0,0,0,0,0,0,0.0,0,0
2022-10-05,28.116484622799998,1,0,0,0,0,0,0,0,0,0,0,0.0,0,0
2022-10-06,28.289262658400002,1,0,0,0,0,0,0,0,0,0,0,0.0,0,0
2022-10-07,28.127092525200002,1,0,0,0,0,0,0,1,0,0,0,0.0,0,0
2022-10-10,28.1936746526,1,0,0,0,0,0,0,0,1,0,0,0.0,0,0
2022-10-11,27.9592912188,1,0,0,0,0,0,0,0,0,0,0,0.0,0,0
2022-10-12,27.925707781,1,0,0,0,0,0,0,0,0,0,0,0.0,0,0
2022-10-13,28.06432735202,1,0,0,0,0,0,0,0,0,0,0,0.0,0,0
2022-10-14,27.89655418702,1,0,0,0,0,0,0,0,0,0,0,0.0,0,0
2022-10-17,27.65593158362,1,0,0,0,0,0,0,0,0,0,0,0.0,0,0
2022-10-18,27.553883108220003,1,0,0,0,0,0,0,0,0,0,0,0.0,0,0
2022-10-19,27.59374248522,1,0,0,0,0,0,0,0,0,0,0,0.0,0,0
2022-10-20,27.72663002762,1,0,0,0,0,0,0,0,0,0,0,0.0,0,0
2022-10-21,27.611593015020002,1,0,0,0,0,0,0,0,0,0,0,0.0,0,0
2022-10-24,27.56267958282,1,0,0,0,0,0,0,0,0,0,0,0.0,0,0
2022-10-25,27.56381484122,1,0,0,0,0,0,0,0,0,0,0,0.0,0,0
2022-10-26,27.480399618619998,1,0,0,0,0,0,0,0,0,0,0,0.0,0,0
2022-10-27,27.590423269419997,1,0,0,0,0,0,0,0,0,0,0,0.0,0,0
2022-10-28,27.48384605662,1,0,0,0,0,0,0,0,0,0,0,0.0,0,0
2022-10-31,27.45656657842,1,0,0,0,0,0,0,0,0,0,0,0.0,0,0
2022-11-01,27.603052110220002,1,0,0,0,0,0,0,0,0,0,0,0.0,0,0
2022-11-02,27.54959846262,1,0,0,0,0,0,0,0,0,0,0,0.0,0,0
2022-11-03,27.66887953302,1,0,0,0,0,0,0,0,0,0,0,0.0,0,0
2022-11-04,27.52858472662,1,0,0,0,0,0,0,0,0,0,0,0.0,0,0
2022-11-07,27.51018134902,1,0,0,0,0,0,0,0,0,0,0,0.0,0,0
2022-11-08,27.519982028220003,1,0,0,0,0,0,0,0,0,0,0,0.0,0,0
2022-11-09,27.372742788220002,1,0,0,0,0,0,0,0,0,0,0,0.0,0,0
2022-11-10,27.37274324122,1,0,0,0,0,0,0,0,0,0,0,0.0,0,0
2022-11-11,27.442026539020002,1,0,0,0,0,0,0,0,0,0,0,0.0,0,0
2022-11-14,27.23406884582,1,0,0,0,0,0,0,0,0,0,0,0.0,0,0
2022-11-15,27.17062611642,1,0,0,0,0,0,0,0,0,0,0,0.0,0,0
2022-11-16,27.22417343462,1,0,0,0,0,0,0,0,0,0,0,0.0,0,0
2022-11-17,27.3634158019,1,0,0,0,0,0,0,0,0,0,0,0.0,0,0
2022-11-18,27.1800601387,1,0,0,0,0,0,0,0,0,0,0,0.0,0,0
2022-11-21,27.335180318099997,1,0,0,0,0,0,0,0,0,0,0,0.0,0,0
2022-11-22,27.284114318700002,1,0,0,0,0,0,0,0,0,0,0,0.0,0,0
2022-11-23,27.3794776989,1,0,0,0,0,0,0,0,0,0,0,0.0,0,0
2022-11-24,27.6281492667,1,0,0,0,0,0,0,0,0,0,0,0.0,0,0
2022-11-25,27.6106309533,1,0,0,0,0,0,0,1,0,0,0,0.0,0,0
2022-11-28,27.6106309533,0,0,0,0,0,0,0,0,0,0,0,0.0,0,0
2022-11-29,27.4612823589,1,0,0,0,0,0,0,0,1,0,0,0.0,0,0
2022-11-30,27.501789074900003,1,0,0,0,0,0,0,0,0,0,0,0.0,0,0
2022-12-01,27.6072810591,1,0,0,0,0,0,0,0,0,0,0,0.0,0,0
2022-12-02,27.6916575585,1,0,0,0,0,0,0,0,0,0,0,0.0,0,0
2022-12-05,27.5278399229,1,0,0,0,0,0,0,0,0,0,0,0.0,0,0
2022-12-06,27.684446464700002,1,0,0,0,0,0,0,0,0,0,0,0.0,0,0
2022-12-07,27.710132446299998,1,0,0,0,0,0,0,0,0,0,0,0.0,0,0
2022-12-08,27.772386756099998,1,0,0,0,0,0,0,0,0,0,0,0.0,0,0
2022-12-09,27.695513495700002,1,0,0,0,0,0,0,0,0,0,0,0.0,0,0
2022-12-12,27.7675325321,1,0,0,0,0,0,0,0,0,0,0,0.0,0,0
2022-12-13,27.570024096900003,1,0,0,0,0,0,0,0,0,0,0,0.0,0,0
2022-12-14,27.664883731099998,1,0,0,0,0,0,0,0,0,0,0,0.0,0,0
2022-12-15,27.707553049900003,1,0,0,0,0,0,0,0,0,0,0,0.0,0,0
2022-12-16,27.4772763369,1,0,0,0,0,0,0,0,0,0,0,0.0,0,0
2022-12-19,27.5744471159,1,0,0,0,0,0,0,0,0,0,0,0.0,0,0
2022-12-20,27.6754953783,1,0,0,0,0,0,0,0,0,0,0,0.0,0,0
2022-12-21,27.690600471099998,1,0,0,0,0,0,0,0,0,0,0,0.0,0,0
2022-12-22,27.6951845081,1,0,0,0,0,0,0,0,0,0,0,0.0,0,0
2022-12-23,27.628075543900003,1,0,0,0,0,0,0,1,0,0,0,0.0,0,0
2022-12-26,27.4695299237,1,0,0,0,0,0,0,0,1,0,0,0.0,0,0
2022-12-27,27.512798728900002,1,0,0,0,0,0,0,0,0,0,0,0.0,0,0
2022-12-28,27.5236116791,1,0,0,0,0,0,0,0,0,0,0,0.0,0,0
2022-12-29,27.6322900917,1,0,0,0,0,0,0,0,0,0,0,0.0,0,0
2022-12-30,27.7713366407,1,0,0,0,0,0,0,0,0,0,0,0.0,1,0
2023-01-02,27.9574368233,1,0,0,0,0,0,0,0,0,0,0,,0,1
2023-01-03,28.11135074735,1,0,0,0,0,0,0,0,0,0,0,,0,0
2023-01-04,28.301881049349998,1,0,0,0,0,0,0,0,0,0,0,,0,0
2023-01-05,28.45027444975,1,0,0,0,0,0,0,0,0,0,0,,0,0
2023-01-06,28.36230053315,1,0,0,0,0,0,0,0,0,0,0,,0,0
2023-01-09,28.40246470455,1,0,0,0,0,0,0,0,0,0,0,,0,0
2023-01-10,28.21317190095,1,0,0,0,0,0,0,0,0,0,0,,0,0
2023-01-11,28.251271163349998,1,0,0,0,0,0,0,0,0,0,0,,0,0
2023-01-12,28.31260508695,1,0,0,0,0,0,0,0,0,0,0,,0,0
2023-01-13,28.61767534495,1,0,0,0,0,0,0,0,0,0,0,,0,0
2023-01-16,28.00572204975,1,0,0,0,0,0,0,0,0,0,0,,0,0
2023-01-17,28.07533001195,1,0,0,0,0,0,0,0,0,0,0,,0,0
2023-01-18,28.27768882055,1,0,0,0,0,0,0,0,0,0,0,,0,0
2023-01-19,28.378275722,1,0,0,0,0,0,0,0,0,0,0,,0,0
2023-01-20,28.268324627,1,0,0,0,0,0,0,0,0,0,0,,0,0
2023-01-23,28.283973007,1,0,0,0,0,0,0,0,0,0,0,,0,0
2023-01-24,28.291034316,1,0,0,0,0,0,0,0,0,0,0,,0,0
2023-01-25,28.278940512,1,0,0,0,0,0,0,0,0,0,0,,0,0
2023-01-26,28.42470623205,1,0,0,0,0,0,0,0,0,0,0,,0,0
2023-01-27,28.445879071849998,1,0,0,0,0,0,0,0,0,0,0,,0,0
2023-01-30,28.28573933185,1,0,0,0,0,0,0,0,0,0,0,,0,0
2023-01-31,28.33198091925,1,0,0,0,0,0,0,0,0,0,0,,0,0
2023-02-01,28.547060065849998,1,0,0,0,0,0,0,0,0,0,0,,0,0
2023-02-02,28.32238701695,1,0,0,0,0,0,0,0,0,0,0,,0,0
2023-02-03,28.35048257095,1,0,0,0,0,0,0,0,0,0,0,,0,0
2023-02-06,28.42784696735,1,0,0,0,0,0,0,0,0,0,0,,0,0
2023-02-07,28.50521136375,1,0,0,0,0,0,0,0,0,0,0,,0,0
2023-02-08,28.43621624959,1,0,0,0,0,0,0,0,0,0,0,,0,0
2023-02-09,28.405389313990003,1,0,0,0,0,0,0,0,0,0,0,,0,0
2023-02-10,28.26976884059,1,0,0,0,0,0,0,0,0,0,0,,0,0
2023-02-13,28.36577138339,1,0,0,0,0,0,0,0,0,0,0,,0,0
2023-02-14,28.26516591319,1,0,0,0,0,0,0,0,0,0,0,,0,0
2023-02-15,28.18211325239,1,0,0,0,0,0,0,0,0,0,0,,0,0
2023-02-16,28.156360735990003,1,0,0,0,0,0,0,0,0,0,0,,0,0
2023-02-17,28.13072459159,1,0,0,0,0,0,0,0,0,0,0,,0,0
2023-02-20,27.99956328859,1,0,0,0,0,0,0,0,0,0,0,,0,0
2023-02-21,27.64979950599,1,0,0,0,0,0,0,0,0,0,0,,0,0
2023-02-22,27.81236343579,1,0,0,0,0,0,0,0,0,0,0,,0,0
2023-02-23,27.82892873979,1,0,0,0,0,0,0,0,0,0,0,,0,0
2023-02-24,27.58077317219,1,0,0,0,0,0,0,0,0,0,0,,0,0
2023-02-27,27.67607509337,1,0,0,0,0,0,0,0,0,0,0,,0,0
2023-02-28,27.83562318537,1,0,0,0,0,0,0,0,0,0,0,,0,0
2023-03-01,27.80496701497,1,0,0,0,0,0,0,0,0,0,0,,0,0
2023-03-02,27.94472313597,1,0,0,0,0,0,0,0,0,0,0,,0,0
2023-03-03,27.902574037169998,1,0,0,0,0,0,0,0,0,0,0,,0,0
2023-03-06,27.896566745770002,1,0,0,0,0,0,0,0,0,0,0,,0,0
2023-03-07,28.029435386169997,1,0,0,0,0,0,0,0,0,0,0,,0,0
2023-03-08,28.11983489897,1,0,0,0,0,0,0,0,0,0,0,,0,0
2023-03-09,28.020099802569998,1,0,0,0,0,0,0,0,0,0,0,,0,0
2023-03-10,27.75665289617,1,0,0,0,0,0,0,0,0,0,0,,0,0
2023-03-13,28.03423357637,1,0,0,0,0,0,0,0,0,0,0,,0,0
2023-03-14,28.02480360657,1,0,0,0,0,0,0,0,0,0,0,,0,0
2023-03-15,27.952791524970003,1,0,0,0,0,0,0,0,0,0,0,,0,0
2023-03-16,28.08735659137,1,5,0,0,0,0,0,0,0,0,0,,0,0
2023-03-17,27.95016016497,1,4,0,0,0,0,0,0,0,0,0,,0,0
2023-03-20,,1,3,0,0,0,0,0,0,0,0,0,,0,0
2023-03-21,,1,2,0,0,0,0,0,0,0,0,0,0.0,0,0
2023-03-22,,1,1,0,0,0,0,0,0,0,0,0,0.0,0,0
2023-03-23,,1,0,1,0,0,0,0,0,0,0,0,0.0,0,0
2023-03-24,,1,0,2,0,0,0,0,0,0,0,0,0.0,0,0
2023-03-27,,1,0,3,0,0,0,0,0,0,0,0,0.0,0,0
2023-03-28,,1,0,4,0,0,0,0,0,0,0,0,0.0,0,0
2023-03-29,,1,0,5,0,0,0,0,0,0,0,0,0.0,0,0
2023-03-30,,1,0,0,0,0,0,0,0,0,0,0,0.0,0,0
2023-03-31,,1,0,0,0,0,0,0,0,0,0,0,0.0,0,0
2023-04-03,,1,0,0,0,0,0,0,0,0,0,0,0.0,0,0
2023-04-04,,1,0,0,0,0,0,0,0,0,0,0,0.0,0,0
2023-04-05,,1,0,0,0,0,0,0,0,0,0,0,0.0,0,0
2023-04-06,,1,0,0,0,0,0,0,0,0,0,0,0.0,0,0
2023-04-07,,1,0,0,0,0,0,0,0,0,0,0,0.0,0,0
2023-04-10,,1,0,0,0,0,0,0,0,0,0,0,0.0,0,0
2023-04-11,,1,0,0,0,0,0,0,0,0,0,0,0.0,0,0
2023-04-12,,1,0,0,0,0,0,0,0,0,0,0,0.0,0,0
2023-04-13,,1,0,0,0,0,0,0,0,0,0,0,0.0,0,0
2023-04-14,,1,0,0,5,0,0,0,0,0,0,0,0.0,0,0
2023-04-17,,1,0,0,4,0,0,0,0,0,0,0,0.0,0,0
2023-04-18,,1,0,0,3,0,0,0,0,0,0,0,0.0,0,0
2023-04-19,,1,0,0,2,0,0,0,0,0,0,0,0.0,0,0
2023-04-20,,1,0,0,1,0,0,0,0,0,0,0,0.0,0,0
2023-04-21,,0,0,0,0,0,0,0,0,0,0,0,0.0,0,0
2023-04-24,,1,0,0,0,1,0,0,0,0,0,0,0.0,0,0
2023-04-25,,1,0,0,0,2,0,0,0,0,0,0,0.0,0,0
2023-04-26,,1,0,0,0,3,0,0,0,0,0,0,0.0,0,0
2023-04-27,,1,0,0,0,4,0,0,0,0,0,0,0.0,0,0
2023-04-28,,1,0,0,0,0,0,0,1,0,0,0,0.0,0,0
2023-05-01,,1,0,0,0,0,0,0,0,0,0,0,0.0,0,0
2023-05-02,,1,0,0,0,0,0,0,0,1,0,0,0.0,0,0
2023-05-03,,1,0,0,0,0,0,0,0,0,0,0,0.0,0,0
2023-05-04,,1,0,0,0,0,0,0,0,0,0,0,0.0,0,0
2023-05-05,,1,0,0,0,0,0,0,0,0,0,0,0.0,0,0
2023-05-08,,1,0,0,0,0,0,0,0,0,5,0,0.0,0,0
2023-05-09,,1,0,0,0,0,0,0,0,0,4,0,0.0,0,0
2023-05-10,,1,0,0,0,0,0,0,0,0,3,0,0.0,0,0
2023-05-11,,1,0,0,0,0,0,0,0,0,2,0,0.0,0,0
2023-05-12,,1,0,0,0,0,0,0,0,0,1,0,0.0,0,0
2023-05-15,,1,0,0,0,0,0,0,0,0,0,1,0.0,0,0
2023-05-16,,1,0,0,0,0,0,0,0,0,0,2,0.0,0,0
2023-05-17,,1,0,0,0,0,0,0,0,0,0,3,0.0,0,0
2023-05-18,,1,0,0,0,0,0,0,0,0,0,4,0.0,0,0
2023-05-19,,1,0,0,0,0,0,0,0,0,0,5,0.0,0,0
2023-05-22,,1,0,0,0,0,0,0,0,0,5,0,0.0,0,0
2023-05-23,,1,0,0,0,0,0,0,0,0,4,0,0.0,0,0
2023-05-24,,1,0,0,0,0,0,0,1,0,3,0,0.0,0,0
2023-05-25,,0,0,0,0,0,0,0,0,0,0,0,0.0,0,0
2023-05-26,,1,0,0,0,0,0,0,0,1,1,0,0.0,0,0
2023-05-29,,1,0,0,0,0,0,0,0,0,0,1,0.0,0,0
2023-05-30,,1,0,0,0,0,0,0,0,0,0,2,0.0,0,0
2023-05-31,,1,0,0,0,0,0,0,0,0,0,3,0.0,0,0
2023-06-01,,1,0,0,0,0,0,0,0,0,0,4,0.0,0,0
2023-06-02,,1,0,0,0,0,0,0,0,0,0,5,0.0,0,0
2023-06-05,,1,0,0,0,0,0,0,0,0,0,0,0.0,0,0
2023-06-06,,1,0,0,0,0,0,0,0,0,0,0,0.0,0,0
2023-06-07,,1,0,0,0,0,0,0,0,0,0,0,0.0,0,0
2023-06-08,,1,0,0,0,0,0,0,0,0,0,0,0.0,0,0
2023-06-09,,1,0,0,0,0,0,0,0,0,0,0,0.0,0,0
2023-06-12,,1,0,0,0,0,0,0,0,0,0,0,0.0,0,0
2023-06-13,,1,0,0,0,0,0,0,0,0,0,0,0.0,0,0
2023-06-14,,1,0,0,0,0,0,0,0,0,0,0,0.0,0,0
2023-06-15,,1,0,0,0,0,0,0,0,0,0,0,0.0,0,0
2023-06-16,,1,0,0,0,0,0,0,0,0,0,0,0.0,0,0
2023-06-19,,1,0,0,0,0,0,0,0,0,0,0,0.0,0,0
2023-06-20,,1,0,0,0,0,0,0,0,0,0,0,0.0,0,0
2023-06-21,,1,0,0,0,0,5,0,0,0,0,0,0.0,0,0
2023-06-22,,1,0,0,0,0,4,0,0,0,0,0,0.0,0,0
2023-06-23,,1,0,0,0,0,3,0,0,0,0,0,0.0,0,0
2023-06-26,,1,0,0,0,0,2,0,0,0,0,0,0.0,0,0
2023-06-27,,1,0,0,0,0,1,0,0,0,0,0,0.0,0,0
2023-06-28,,0,0,0,0,0,0,0,0,0,0,0,0.0,0,0
2023-06-29,,0,0,0,0,0,0,0,0,0,0,0,0.0,0,0
2023-06-30,,0,0,0,0,0,0,0,0,0,0,0,0.0,0,0
2023-07-03,,1,0,0,0,0,0,1,0,0,0,0,0.0,0,0
2023-07-04,,1,0,0,0,0,0,2,0,0,0,0,0.0,0,0
2023-07-05,,1,0,0,0,0,0,3,0,0,0,0,0.0,0,0
2023-07-06,,1,0,0,0,0,0,4,0,0,0,0,0.0,0,0
2023-07-07,,1,0,0,0,0,0,5,0,0,0,0,0.0,0,0
2023-07-10,,1,0,0,0,0,0,0,0,0,0,0,0.0,0,0
2023-07-11,,1,0,0,0,0,0,0,0,0,0,0,0.0,0,0
2023-07-12,,1,0,0,0,0,0,0,0,0,0,0,0.0,0,0
2023-07-13,,1,0,0,0,0,0,0,0,0,0,0,0.0,0,0
2023-07-14,,1,0,0,0,0,0,0,0,0,0,0,0.0,0,0
2023-07-17,,1,0,0,0,0,0,0,0,0,0,0,0.0,0,0
2023-07-18,,1,0,0,0,0,0,0,1,0,0,0,0.0,0,0
2023-07-19,,0,0,0,0,0,0,0,0,0,0,0,0.0,0,0
2023-07-20,,1,0,0,0,0,0,0,0,1,0,0,0.0,0,0
2023-07-21,,1,0,0,0,0,0,0,0,0,0,0,0.0,0,0
2023-07-24,,1,0,0,0,0,0,0,0,0,0,0,0.0,0,0
2023-07-25,,1,0,0,0,0,0,0,0,0,0,0,0.0,0,0
2023-07-26,,1,0,0,0,0,0,0,0,0,0,0,0.0,0,0
2023-07-27,,1,0,0,0,0,0,0,0,0,0,0,0.0,0,0
2023-07-28,,1,0,0,0,0,0,0,0,0,0,0,0.0,0,0
2023-07-31,,1,0,0,0,0,0,0,0,0,0,0,0.0,0,0
2023-08-01,,1,0,0,0,0,0,0,0,0,0,0,0.0,0,0
2023-08-02,,1,0,0,0,0,0,0,0,0,0,0,0.0,0,0
2023-08-03,,1,0,0,0,0,0,0,0,0,0,0,0.0,0,0
2023-08-04,,1,0,0,0,0,0,0,0,0,0,0,0.0,0,0
2023-08-07,,1,0,0,0,0,0,0,0,0,0,0,0.0,0,0
2023-08-08,,1,0,0,0,0,0,0,0,0,0,0,0.0,0,0
2023-08-09,,1,0,0,0,0,0,0,0,0,0,0,0.0,0,0
2023-08-10,,1,0,0,0,0,0,0,0,0,0,0,0.0,0,0
2023-08-11,,1,0,0,0,0,0,0,0,0,0,0,0.0,0,0
2023-08-14,,1,0,0,0,0,0,0,0,0,0,0,0.0,0,0
2023-08-15,,1,0,0,0,0,0,0,0,0,0,0,0.0,0,0
2023-08-16,,1,0,0,0,0,0,0,0,0,0,0,0.0,0,0
2023-08-17,,1,0,0,0,0,0,0,0,0,0,0,0.0,0,0
2023-08-18,,1,0,0,0,0,0,0,0,0,0,0,0.0,0,0
2023-08-21,,1,0,0,0,0,0,0,0,0,0,0,0.0,0,0
2023-08-22,,1,0,0,0,0,0,0,0,0,0,0,0.0,0,0
2023-08-23,,1,0,0,0,0,0,0,0,0,0,0,0.0,0,0
2023-08-24,,1,0,0,0,0,0,0,0,0,0,0,0.0,0,0
2023-08-25,,1,0,0,0,0,0,0,0,0,0,0,0.0,0,0
2023-08-28,,1,0,0,0,0,0,0,0,0,0,0,0.0,0,0
2023-08-29,,1,0,0,0,0,0,0,0,0,0,0,0.0,0,0
2023-08-30,,1,0,0,0,0,0,0,0,0,0,0,0.0,0,0
2023-08-31,,1,0,0,0,0,0,0,0,0,0,0,0.0,0,0
2023-09-01,,1,0,0,0,0,0,0,0,0,0,0,0.0,0,0
2023-09-04,,1,0,0,0,0,0,0,0,0,0,0,0.0,0,0
2023-09-05,,1,0,0,0,0,0,0,0,0,0,0,0.0,0,0
2023-09-06,,1,0,0,0,0,0,0,0,0,0,0,0.0,0,0
2023-09-07,,1,0,0,0,0,0,0,0,0,0,0,0.0,0,0
2023-09-08,,1,0,0,0,0,0,0,0,0,0,0,0.0,0,0
2023-09-11,,1,0,0,0,0,0,0,0,0,0,0,0.0,0,0
2023-09-12,,1,0,0,0,0,0,0,0,0,0,0,0.0,0,0
2023-09-13,,1,0,0,0,0,0,0,0,0,0,0,0.0,0,0
2023-09-14,,1,0,0,0,0,0,0,0,0,0,0,0.0,0,0
2023-09-15,,1,0,0,0,0,0,0,0,0,0,0,0.0,0,0
2023-09-18,,1,0,0,0,0,0,0,0,0,0,0,0.0,0,0
2023-09-19,,1,0,0,0,0,0,0,0,0,0,0,0.0,0,0
2023-09-20,,1,0,0,0,0,0,0,0,0,0,0,0.0,0,0
2023-09-21,,1,0,0,0,0,0,0,0,0,0,0,0.0,0,0
2023-09-22,,1,0,0,0,0,0,0,0,0,0,0,0.0,0,0
2023-09-25,,1,0,0,0,0,0,0,0,0,0,0,0.0,0,0
2023-09-26,,1,0,0,0,0,0,0,1,0,0,0,0.0,0,0
2023-09-27,,0,0,0,0,0,0,0,0,0,0,0,0.0,0,0
2023-09-28,,1,0,0,0,0,0,0,0,1,0,0,0.0,0,0
2023-09-29,,1,0,0,0,0,0,0,0,0,0,0,0.0,0,0
2023-10-02,,1,0,0,0,0,0,0,0,0,0,0,0.0,0,0
2023-10-03,,1,0,0,0,0,0,0,0,0,0,0,0.0,0,0
2023-10-04,,1,0,0,0,0,0,0,0,0,0,0,0.0,0,0
2023-10-05,,1,0,0,0,0,0,0,0,0,0,0,0.0,0,0
2023-10-06,,1,0,0,0,0,0,0,0,0,0,0,0.0,0,0
2023-10-09,,1,0,0,0,0,0,0,0,0,0,0,0.0,0,0
2023-10-10,,1,0,0,0,0,0,0,0,0,0,0,0.0,0,0
2023-10-11,,1,0,0,0,0,0,0,0,0,0,0,0.0,0,0
2023-10-12,,1,0,0,0,0,0,0,0,0,0,0,0.0,0,0
2023-10-13,,1,0,0,0,0,0,0,0,0,0,0,0.0,0,0
2023-10-16,,1,0,0,0,0,0,0,0,0,0,0,0.0,0,0
2023-10-17,,1,0,0,0,0,0,0,0,0,0,0,0.0,0,0
2023-10-18,,1,0,0,0,0,0,0,0,0,0,0,0.0,0,0
2023-10-19,,1,0,0,0,0,0,0,0,0,0,0,0.0,0,0
2023-10-20,,1,0,0,0,0,0,0,0,0,0,0,0.0,0,0
2023-10-23,,1,0,0,0,0,0,0,0,0,0,0,0.0,0,0
2023-10-24,,1,0,0,0,0,0,0,0,0,0,0,0.0,0,0
2023-10-25,,1,0,0,0,0,0,0,0,0,0,0,0.0,0,0
2023-10-26,,1,0,0,0,0,0,0,0,0,0,0,0.0,0,0
2023-10-27,,1,0,0,0,0,0,0,0,0,0,0,0.0,0,0
2023-10-30,,1,0,0,0,0,0,0,0,0,0,0,0.0,0,0
2023-10-31,,1,0,0,0,0,0,0,0,0,0,0,0.0,0,0
2023-11-01,,1,0,0,0,0,0,0,0,0,0,0,0.0,0,0
2023-11-02,,1,0,0,0,0,0,0,0,0,0,0,0.0,0,0
2023-11-03,,1,0,0,0,0,0,0,0,0,0,0,0.0,0,0
2023-11-06,,1,0,0,0,0,0,0,0,0,0,0,0.0,0,0
2023-11-07,,1,0,0,0,0,0,0,0,0,0,0,0.0,0,0
2023-11-08,,1,0,0,0,0,0,0,0,0,0,0,0.0,0,0
2023-11-09,,1,0,0,0,0,0,0,0,0,0,0,0.0,0,0
2023-11-10,,1,0,0,0,0,0,0,0,0,0,0,0.0,0,0
2023-11-13,,1,0,0,0,0,0,0,0,0,0,0,0.0,0,0
2023-11-14,,1,0,0,0,0,0,0,0,0,0,0,0.0,0,0
2023-11-15,,1,0,0,0,0,0,0,0,0,0,0,0.0,0,0
2023-11-16,,1,0,0,0,0,0,0,0,0,0,0,0.0,0,0
2023-11-17,,1,0,0,0,0,0,0,0,0,0,0,0.0,0,0
2023-11-20,,1,0,0,0,0,0,0,0,0,0,0,0.0,0,0
2023-11-21,,1,0,0,0,0,0,0,0,0,0,0,0.0,0,0
2023-11-22,,1,0,0,0,0,0,0,0,0,0,0,0.0,0,0
2023-11-23,,1,0,0,0,0,0,0,0,0,0,0,0.0,0,0
2023-11-24,,1,0,0,0,0,0,0,0,0,0,0,0.0,0,0
2023-11-27,,1,0,0,0,0,0,0,1,0,0,0,0.0,0,0
2023-11-28,,0,0,0,0,0,0,0,0,0,0,0,0.0,0,0
2023-11-29,,1,0,0,0,0,0,0,0,1,0,0,0.0,0,0
2023-11-30,,1,0,0,0,0,0,0,0,0,0,0,0.0,0,0
2023-12-01,,1,0,0,0,0,0,0,0,0,0,0,0.0,0,0
2023-12-04,,1,0,0,0,0,0,0,0,0,0,0,0.0,0,0
2023-12-05,,1,0,0,0,0,0,0,0,0,0,0,0.0,0,0
2023-12-06,,1,0,0,0,0,0,0,0,0,0,0,0.0,0,0
2023-12-07,,1,0,0,0,0,0,0,0,0,0,0,0.0,0,0
2023-12-08,,1,0,0,0,0,0,0,0,0,0,0,0.0,0,0
2023-12-11,,1,0,0,0,0,0,0,0,0,0,0,0.0,0,0
2023-12-12,,1,0,0,0,0,0,0,0,0,0,0,0.0,0,0
2023-12-13,,1,0,0,0,0,0,0,0,0,0,0,0.0,0,0
2023-12-14,,1,0,0,0,0,0,0,0,0,0,0,0.0,0,0
2023-12-15,,1,0,0,0,0,0,0,0,0,0,0,0.0,0,0
2023-12-18,,1,0,0,0,0,0,0,0,0,0,0,0.0,0,0
2023-12-19,,1,0,0,0,0,0,0,0,0,0,0,0.0,0,0
2023-12-20,,1,0,0,0,0,0,0,0,0,0,0,0.0,0,0
2023-12-21,,1,0,0,0,0,0,0,0,0,0,0,0.0,0,0
2023-12-22,,1,0,0,0,0,0,0,1,0,0,0,0.0,0,0
2023-12-25,,0,0,0,0,0,0,0,0,0,0,0,0.0,0,0
2023-12-26,,1,0,0,0,0,0,0,0,1,0,0,0.0,0,0
2023-12-27,,1,0,0,0,0,0,0,0,0,0,0,0.0,0,0
2023-12-28,,1,0,0,0,0,0,0,0,0,0,0,0.0,0,0
2023-12-29,,1,0,0,0,0,0,0,0,0,0,0,0.0,1,0
