,break,trend,yealy_season,monthly_season,weekly_season
2018-01-03,0.0,0,0.0,0.0,0.0
2018-01-04,0.0,1,0.024163745236132288,0.2817325568414297,0.9510565162951536
2018-01-05,0.0,2,0.048313379525507065,0.5406408174555974,0.5877852522924731
2018-01-08,0.0,3,0.07243480016176236,0.7557495743542584,-0.5877852522924729
2018-01-09,0.0,4,0.0965139209145151,0.9096319953545182,-0.9510565162951538
2018-01-10,0.0,5,0.12053668025532305,0.9898214418809326,-2.4492935982947064e-16
2018-01-11,0.0,6,0.14448904956922132,0.9898214418809327,0.9510565162951535
2018-01-12,0.0,7,0.16835704134703858,0.9096319953545183,0.5877852522924732
2018-01-15,0.0,8,0.19212671735370837,0.7557495743542584,-0.5877852522924728
2018-01-16,0.0,9,0.21578419676780616,0.5406408174555977,-0.9510565162951538
2018-01-17,0.0,10,0.2393156642875578,0.28173255684142967,-4.898587196589413e-16
2018-01-18,0.0,11,0.2627073781985869,5.66553889764798e-16,0.951056516295153
2018-01-19,0.0,12,0.2859456783986893,-0.28173255684142945,0.5877852522924736
2018-01-22,0.0,13,0.30901699437494745,-0.5406408174555974,-0.5877852522924725
2018-01-23,0.0,14,0.3319078531285285,-0.7557495743542583,-0.9510565162951539
2018-01-24,0.0,15,0.3546048870425356,-0.9096319953545179,-7.347880794884119e-16
2018-01-25,0.0,16,0.37709484168832047,-0.9898214418809326,0.9510565162951534
2018-01-26,0.0,17,0.3993645835656956,-0.9898214418809327,0.5877852522924737
2018-01-29,0.0,18,0.4214011077725291,-0.9096319953545184,-0.5877852522924724
2018-01-30,0.0,19,0.4431915455992413,-0.7557495743542588,-0.951056516295154
2018-01-31,0.0,20,0.4647231720437685,-0.5406408174555974,-9.797174393178826e-16
2018-02-01,0.0,21,0.485983413242606,-0.2817325568414298,0.9510565162951534
2018-02-02,0.0,22,0.5069598538135903,-1.133107779529596e-15,0.5877852522924768
2018-02-05,0.0,23,0.5276402441061326,0.28173255684142934,-0.5877852522924721
2018-02-06,0.0,24,0.5480125073546699,0.540640817455597,-0.9510565162951541
2018-02-07,0.0,25,0.5680647467311557,0.7557495743542585,-1.2246467991473533e-15
2018-02-08,0.0,26,0.587785252292473,0.9096319953545182,0.9510565162951532
2018-02-09,0.0,27,0.6071625078187111,0.9898214418809326,0.5877852522924741
2018-02-12,0.0,28,0.6261851975383136,0.9898214418809327,-0.5877852522924719
2018-02-13,0.0,29,0.6448422127361705,0.9096319953545182,-0.9510565162951541
2018-02-14,0.0,30,0.6631226582407951,0.7557495743542595,-1.4695761589768238e-15
2018-02-15,0.0,31,0.6810158587867972,0.5406408174555974,0.9510565162951532
2018-02-16,0.0,32,0.698511365248937,0.28173255684142995,0.5877852522924742
2018-02-19,0.0,33,0.7155989607441212,3.6739403974420594e-16,-0.5877852522924718
2018-02-20,0.0,34,0.7322686665977737,-0.2817325568414292,-0.9510565162951542
2018-02-21,0.0,35,0.7485107481711012,-0.5406408174555969,-1.7145055188062944e-15
2018-02-22,0.0,36,0.7643157205458484,-0.7557495743542578,0.9510565162951531
2018-02-23,0.0,37,0.7796743540632225,-0.9096319953545184,0.5877852522924746
2018-02-26,0.0,38,0.7945776797137544,-0.9898214418809324,-0.5877852522924715
2018-02-27,0.0,39,0.8090169943749475,-0.9898214418809329,-0.9510565162951542
2018-02-28,0.0,40,0.8229838658936565,-0.9096319953545182,-1.959434878635765e-15
2018-03-01,0.0,41,0.8364701380102267,-0.7557495743542595,0.9510565162951508
2018-03-02,0.0,42,0.849467935121521,-0.5406408174555976,0.5877852522924747
2018-03-05,0.0,43,0.8619696668800492,-0.28173255684143006,-0.5877852522924714
2018-03-06,0.0,44,0.8739680326265178,-2.266215559059192e-15,-0.9510565162951565
2018-03-07,0.0,45,0.8854560256532098,0.2817325568414291,-2.204364238465236e-15
2018-03-08,0.0,46,0.8964269372957037,0.5406408174555969,0.951056516295153
2018-03-09,0.0,47,0.9068743608505453,0.7557495743542589,0.5877852522924691
2018-03-12,0.0,48,0.9167921953165823,0.9096319953545178,-0.5877852522924711
2018-03-13,0.0,49,0.9261746489577765,0.9898214418809324,-0.9510565162951566
2018-03-14,0.0,50,0.9350162426854148,0.9898214418809326,-2.4492935982947065e-15
2018-03-15,0.0,51,0.943311813257743,0.909631995354519,0.9510565162951508
2018-03-16,0.0,52,0.9510565162951536,0.7557495743542585,0.5877852522924751
2018-03-19,0.0,53,0.9582458291091663,0.5406408174555978,-0.5877852522924767
2018-03-20,0.0,54,0.9648755533435517,0.28173255684143017,-0.9510565162951545
2018-03-21,0.0,55,0.9709418174260522,-1.1640334398265737e-15,4.411204399476825e-15
2018-03-22,0.0,56,0.9764410788292722,-0.281732556841429,0.9510565162951529
2018-03-23,0.0,57,0.9813701261394134,-0.5406408174555967,0.587785252292481
2018-03-26,0.0,58,0.9857260809316508,-0.7557495743542588,-0.5877852522924708
2018-03-27,0.0,59,0.989506399451051,-0.9096319953545177,-0.9510565162951568
2018-03-28,0.0,60,0.9927088740980539,-0.9898214418809322,-2.9391523179536475e-15
2018-03-29,0.0,61,0.9953316347176485,-0.9898214418809329,0.951056516295155
2018-03-30,0.0,62,0.997373149691491,-0.9096319953545182,0.5877852522924756
2018-04-02,0.0,63,0.9988322268323266,-0.7557495743542574,-0.5877852522924762
2018-04-03,0.0,64,0.9997080140801932,-0.5406408174555979,-0.9510565162951546
2018-04-04,0.0,65,1.0,-0.28173255684143195,-1.0289509035384119e-14
2018-04-05,0.0,66,0.9997080140801933,-7.347880794884119e-16,0.9510565162951528
2018-04-06,0.0,67,0.9988322268323268,0.2817325568414272,0.5877852522924815
2018-04-09,0.0,68,0.997373149691491,0.5406408174555966,-0.5877852522924704
2018-04-10,0.0,69,0.9953316347176484,0.7557495743542587,-0.9510565162951524
2018-04-11,0.0,70,0.992708874098054,0.9096319953545177,-3.429011037612589e-15
2018-04-12,0.0,71,0.989506399451051,0.9898214418809327,0.9510565162951549
2018-04-13,0.0,72,0.9857260809316508,0.9898214418809329,0.5877852522924759
2018-04-16,0.0,73,0.9813701261394135,0.9096319953545183,-0.5877852522924644
2018-04-17,0.0,74,0.9764410788292722,0.7557495743542575,-0.9510565162951549
2018-04-18,0.0,75,0.9709418174260523,0.540640817455598,-1.0779367755043061e-14
2018-04-19,0.0,76,0.9648755533435517,0.28173255684143206,0.9510565162951524
2018-04-20,0.0,77,0.9582458291091664,8.572527594031472e-16,0.5877852522924704
2018-04-23,0.0,78,0.9510565162951538,-0.28173255684142706,-0.5877852522924699
2018-04-24,0.0,79,0.9433118132577432,-0.5406408174555964,-0.9510565162951528
2018-04-25,0.0,80,0.9350162426854149,-0.7557495743542587,-3.91886975727153e-15
2018-04-26,0.0,81,0.9261746489577765,-0.9096319953545176,0.9510565162951502
2018-04-27,0.0,82,0.9167921953165824,-0.9898214418809321,0.5877852522924878
2018-04-30,0.0,83,0.9068743608505452,-0.9898214418809325,-0.5877852522924756
2018-05-01,0.0,84,0.8964269372957037,-0.9096319953545183,-0.951056516295155
2018-05-02,0.0,85,0.8854560256532099,-0.7557495743542598,2.941628240500001e-15
2018-05-03,0.0,86,0.8739680326265179,-0.540640817455598,0.9510565162951523
2018-05-04,0.0,87,0.8619696668800494,-0.2817325568414322,0.5877852522924822
2018-05-07,0.0,88,0.8494679351215212,-4.532431118118384e-15,-0.587785252292458
2018-05-08,0.0,89,0.8364701380102266,0.28173255684143034,-0.9510565162951529
2018-05-09,0.0,90,0.8229838658936566,0.5406408174555963,-4.408728476930472e-15
2018-05-10,0.0,91,0.8090169943749476,0.7557495743542586,0.9510565162951501
2018-05-11,0.0,92,0.7945776797137544,0.9096319953545176,0.5877852522924767
2018-05-14,0.0,93,0.7796743540632227,0.9898214418809321,-0.5877852522924636
2018-05-15,0.0,94,0.7643157205458483,0.9898214418809324,-0.9510565162951508
2018-05-16,0.0,95,0.7485107481711011,0.9096319953545184,2.45176952084106e-15
2018-05-17,0.0,96,0.7322686665977737,0.7557495743542599,0.9510565162951522
2018-05-18,0.0,97,0.7155989607441212,0.5406408174555981,0.5877852522924827
2018-05-21,0.0,98,0.6985113652489371,0.28173255684143234,-0.5877852522924577
2018-05-22,0.0,99,0.6810158587867972,-2.4505315595678834e-15,-0.951056516295153
2018-05-23,0.0,100,0.6631226582407951,-0.2817325568414302,-4.898587196589413e-15
2018-05-24,0.0,101,0.6448422127361705,-0.5406408174555963,0.9510565162951543
2018-05-25,0.0,102,0.6261851975383138,-0.7557495743542562,0.5877852522924886
2018-05-28,0.0,103,0.6071625078187113,-0.9096319953545176,-0.5877852522924633
2018-05-29,0.0,104,0.5877852522924731,-0.9898214418809326,-0.9510565162951552
2018-05-30,0.0,105,0.5680647467311557,-0.9898214418809324,1.9619108011821185e-15
2018-05-31,0.0,106,0.5480125073546699,-0.9096319953545184,0.9510565162951564
2018-06-01,0.0,107,0.527640244106133,-0.75574957435426,0.587785252292483
2018-06-04,0.0,108,0.5069598538135905,-0.5406408174555982,-0.5877852522924688
2018-06-05,0.0,109,0.4859834132426062,-0.28173255684143245,-0.9510565162951619
2018-06-06,0.0,110,0.4647231720437686,2.3280668796531475e-15,8.82240879895365e-15
2018-06-07,0.0,111,0.44319154559924134,0.2817325568414301,0.9510565162951498
2018-06-08,0.0,112,0.4214011077725291,0.5406408174555962,0.5877852522924775
2018-06-11,0.0,113,0.39936458356569593,0.7557495743542562,-0.5877852522924742
2018-06-12,0.0,114,0.37709484168832075,0.9096319953545174,-0.9510565162951597
2018-06-13,0.0,115,0.35460488704253545,0.9898214418809326,1.5682906796725182e-14
2018-06-14,0.0,116,0.33190785312852866,0.9898214418809324,0.951056516295152
2018-06-15,0.0,117,0.30901699437494756,0.90963199535452,0.5877852522924719
2018-06-18,0.0,118,0.28594567839868934,0.7557495743542602,-0.5877852522924568
2018-06-19,0.0,119,0.26270737819858736,0.5406408174555983,-0.9510565162951576
2018-06-20,0.0,120,0.23931566428755813,0.28173255684143594,-5.878304635907295e-15
2018-06-21,0.0,121,0.215784196767806,-2.2056021997384123e-15,0.9510565162951541
2018-06-22,0.0,122,0.1921267173537086,-0.2817325568414266,0.5877852522924664
2018-06-25,0.0,123,0.16835704134703872,-0.5406408174555961,-0.5877852522924625
2018-06-26,0.0,124,0.1444890495692214,-0.7557495743542584,-0.9510565162951555
2018-06-27,0.0,125,0.12053668025532352,-0.9096319953545159,-2.743951606853977e-14
2018-06-28,0.0,126,0.09651392091451506,-0.989821441880933,0.9510565162951561
2018-06-29,0.0,127,0.07243480016176225,-0.989821441880933,0.5877852522924838
2018-07-02,0.0,128,0.04831337952550733,-0.9096319953545186,-0.587785252292468
2018-07-03,0.0,129,0.02416374523613248,-0.7557495743542578,-0.9510565162951534
2018-07-04,0.0,130,1.2246467991473532e-16,-0.5406408174556014,-2.0579018070768238e-14
2018-07-05,0.0,131,-0.024163745236132236,-0.28173255684142584,0.9510565162951582
2018-07-06,0.0,132,-0.04831337952550708,-1.4695761589768238e-15,0.5877852522924782
2018-07-09,0.0,133,-0.07243480016176244,0.2817325568414299,-0.5877852522924736
2018-07-10,0.0,134,-0.09651392091451483,0.540640817455593,-0.9510565162951601
2018-07-11,0.0,135,-0.12053668025532283,0.7557495743542559,-1.371852007299671e-14
2018-07-12,0.0,136,-0.14448904956922162,0.9096319953545173,0.9510565162951515
2018-07-13,0.0,137,-0.1683570413470385,0.9898214418809326,0.5877852522924728
2018-07-16,0.0,138,-0.19212671735370837,0.9898214418809326,-0.587785252292479
2018-07-17,0.0,139,-0.21578419676780622,0.9096319953545201,-0.951056516295158
2018-07-18,0.0,140,-0.2393156642875575,0.7557495743542603,-6.858022075225178e-15
2018-07-19,0.0,141,-0.2627073781985867,0.5406408174555986,0.951056516295145
2018-07-20,0.0,142,-0.28594567839868956,0.2817325568414294,0.5877852522924671
2018-07-23,0.0,143,-0.30901699437494734,-1.9606728399089416e-15,-0.5877852522924616
2018-07-24,0.0,144,-0.33190785312852844,-0.28173255684142634,-0.9510565162951559
2018-07-25,0.0,145,-0.3546048870425357,-0.5406408174555959,2.475922546353431e-18
2018-07-26,0.0,146,-0.37709484168832014,-0.7557495743542582,0.9510565162951471
2018-07-27,0.0,147,-0.3993645835656957,-0.9096319953545188,0.5877852522924616
2018-07-30,0.0,148,-0.4214011077725289,-0.989821441880933,-0.5877852522924671
2018-07-31,0.0,149,-0.4431915455992412,-0.989821441880933,-0.9510565162951538
2018-08-01,0.0,150,-0.46472317204376845,-0.9096319953545187,-2.1558735510086122e-14
2018-08-02,0.0,151,-0.48598341324260563,-0.7557495743542627,0.9510565162951492
2018-08-03,0.0,152,-0.50695985381359,-0.5406408174556016,0.587785252292479
2018-08-06,0.0,153,-0.5276402441061327,-0.28173255684143295,-0.5877852522924728
2018-08-07,0.0,154,-0.5480125073546697,-1.7145055188062944e-15,-0.9510565162951515
2018-08-08,0.0,155,-0.5680647467311556,0.2817325568414296,-1.469823751231459e-14
2018-08-09,0.0,156,-0.5877852522924729,0.5406408174555928,0.9510565162951513
2018-08-10,0.0,157,-0.6071625078187107,0.7557495743542558,0.5877852522924965
2018-08-13,0.0,158,-0.6261851975383136,0.9096319953545172,-0.5877852522924784
2018-08-14,0.0,159,-0.6448422127361706,0.9898214418809326,-0.9510565162951582
2018-08-15,0.0,160,-0.663122658240795,0.9898214418809326,-7.83773951454306e-15
2018-08-16,0.0,161,-0.6810158587867969,0.9096319953545202,0.9510565162951534
2018-08-17,0.0,162,-0.6985113652489369,0.7557495743542605,0.587785252292491
2018-08-20,0.0,163,-0.7155989607441208,0.5406408174555988,-0.5877852522924608
2018-08-21,0.0,164,-0.7322686665977732,0.28173255684143644,-0.9510565162951649
2018-08-22,0.0,165,-0.748510748171101,5.3896838775215305e-15,-2.939895094717554e-14
2018-08-23,0.0,166,-0.7643157205458487,-0.28173255684143295,0.9510565162951555
2018-08-24,0.0,167,-0.7796743540632223,-0.5406408174556016,0.5877852522924625
2018-08-27,0.0,168,-0.7945776797137543,-0.7557495743542579,-0.5877852522924664
2018-08-28,0.0,169,-0.8090169943749475,-0.9096319953545187,-0.9510565162951541
2018-08-29,0.0,170,-0.8229838658936565,-0.989821441880932,5.883256481000002e-15
2018-08-30,0.0,171,-0.8364701380102267,-0.989821441880933,0.9510565162951489
2018-08-31,0.0,172,-0.849467935121521,-0.9096319953545188,0.5877852522924799
2018-09-03,0.0,173,-0.8619696668800487,-0.7557495743542628,-0.5877852522924489
2018-09-04,0.0,174,-0.8739680326265175,-0.5406408174556019,-0.9510565162951607
2018-09-05,0.0,175,-0.8854560256532095,-0.28173255684143317,-1.5677954951632472e-14
2018-09-06,0.0,176,-0.8964269372957033,-9.064862236236767e-15,0.9510565162951422
2018-09-07,0.0,177,-0.9068743608505454,0.2817325568414294,0.5877852522924742
2018-09-10,0.0,178,-0.9167921953165824,0.5406408174555986,-0.5877852522924775
2018-09-11,0.0,179,-0.9261746489577762,0.7557495743542603,-0.9510565162951498
2018-09-12,0.0,180,-0.9350162426854146,0.9096319953545171,-8.817456953860943e-15
2018-09-13,0.0,181,-0.943311813257743,0.9898214418809326,0.9510565162951531
2018-09-14,0.0,182,-0.9510565162951535,0.9898214418809326,0.5877852522924918
2018-09-17,0.0,183,-0.9582458291091663,0.9096319953545202,-0.58778525229246
2018-09-18,0.0,184,-0.9648755533435517,0.7557495743542606,-0.9510565162951564
2018-09-19,0.0,185,-0.970941817426052,0.540640817455605,-3.037866838649342e-14
2018-09-20,0.0,186,-0.976441078829272,0.2817325568414367,0.9510565162951465
2018-09-21,0.0,187,-0.9813701261394135,-1.4708141202500005e-15,0.5877852522924633
2018-09-24,0.0,188,-0.9857260809316508,-0.28173255684143267,-0.5877852522924886
2018-09-25,0.0,189,-0.989506399451051,-0.5406408174555954,-0.9510565162951543
2018-09-26,0.0,190,-0.992708874098054,-0.7557495743542578,4.90353904168212e-15
2018-09-27,0.0,191,-0.9953316347176485,-0.9096319953545186,0.9510565162951485
2018-09-28,0.0,192,-0.997373149691491,-0.989821441880932,0.5877852522924807
2018-10-01,0.0,193,-0.9988322268323266,-0.989821441880933,-0.5877852522924711
2018-10-02,0.0,194,-0.9997080140801932,-0.9096319953545189,-0.951056516295161
2018-10-03,0.0,195,-1.0,-0.755749574354263,-1.665767239095036e-14
2018-10-04,0.0,196,-0.9997080140801933,-0.5406408174556021,0.9510565162951419
2018-10-05,0.0,197,-0.9988322268323268,-0.2817325568414334,0.5877852522924981
2018-10-08,0.0,198,-0.997373149691491,4.901063119135767e-15,-0.5877852522924767
2018-10-09,0.0,199,-0.9953316347176485,0.28173255684142917,-0.9510565162951501
2018-10-10,0.0,200,-0.9927088740980539,0.5406408174555983,-9.797174393178826e-15
2018-10-11,0.0,201,-0.9895063994510509,0.7557495743542602,0.9510565162951529
2018-10-12,0.0,202,-0.9857260809316508,0.909631995354517,0.5877852522924695
2018-10-15,0.0,203,-0.9813701261394135,0.9898214418809324,-0.5877852522924593
2018-10-16,0.0,204,-0.9764410788292722,0.9898214418809337,-0.9510565162951655
2018-10-17,0.0,205,-0.9709418174260523,0.9096319953545203,-3.13583858258113e-14
2018-10-18,0.0,206,-0.9648755533435517,0.7557495743542607,0.9510565162951462
2018-10-19,0.0,207,-0.9582458291091664,0.5406408174556051,0.587785252292487
2018-10-22,0.0,208,-0.9510565162951538,0.2817325568414301,-0.5877852522924648
2018-10-23,0.0,209,-0.9433118132577432,-1.22588476042053e-15,-0.9510565162951546
2018-10-24,0.0,210,-0.9350162426854148,-0.28173255684143245,3.923821602364237e-15
2018-10-25,0.0,211,-0.9261746489577765,-0.5406408174555952,0.9510565162951571
2018-10-26,0.0,212,-0.9167921953165823,-0.7557495743542577,0.5877852522924585
2018-10-29,0.0,213,-0.9068743608505452,-0.9096319953545184,-0.5877852522924474
2018-10-30,0.0,214,-0.896426937295704,-0.9898214418809319,-0.9510565162951613
2018-10-31,0.0,215,-0.88545602565321,-0.9898214418809331,-1.763738983026824e-14
2018-11-01,0.0,216,-0.8739680326265181,-0.909631995354519,0.9510565162951504
2018-11-02,0.0,217,-0.8619696668800494,-0.7557495743542632,0.5877852522924759
2018-11-05,0.0,218,-0.8494679351215212,-0.5406408174556022,-0.58778525229243
2018-11-06,0.0,219,-0.8364701380102265,-0.2817325568414268,-0.9510565162951504
2018-11-07,0.0,220,-0.8229838658936566,4.656133759306295e-15,1.76448175979073e-14
2018-11-08,0.0,221,-0.8090169943749477,0.28173255684142895,0.9510565162951613
2018-11-09,0.0,222,-0.7945776797137545,0.5406408174555981,0.5877852522924933
2018-11-12,0.0,223,-0.7796743540632226,0.7557495743542553,-0.5877852522924585
2018-11-13,0.0,224,-0.7643157205458484,0.909631995354517,-0.9510565162951571
2018-11-14,0.0,225,-0.7485107481711012,0.9898214418809315,-3.9163938347251765e-15
2018-11-15,0.0,226,-0.7322686665977741,0.9898214418809337,0.9510565162951546
2018-11-16,0.0,227,-0.7155989607441217,0.9096319953545206,0.5877852522925108
2018-11-19,0.0,228,-0.6985113652489374,0.7557495743542609,-0.587785252292441
2018-11-20,0.0,229,-0.6810158587867975,0.5406408174555993,-0.9510565162951637
2018-11-21,0.0,230,-0.6631226582407949,0.28173255684143034,3.1365813593450365e-14
2018-11-22,0.0,231,-0.6448422127361702,-9.809554005910593e-16,0.951056516295148
2018-11-23,0.0,232,-0.6261851975383139,-0.2817325568414322,0.5877852522924822
2018-11-26,0.0,233,-0.6071625078187113,-0.540640817455601,-0.5877852522924695
2018-11-27,0.0,234,-0.5877852522924732,-0.7557495743542529,-0.9510565162951529
2018-11-28,0.0,235,-0.5680647467311558,-0.9096319953545153,9.804602160817886e-15
2018-11-29,0.0,236,-0.54801250735467,-0.9898214418809319,0.9510565162951413
2018-11-30,0.0,237,-0.5276402441061326,-0.9898214418809332,0.5877852522924997
2018-12-03,0.0,238,-0.5069598538135911,-0.9096319953545191,-0.587785252292452
2018-12-04,0.0,239,-0.4859834132426067,-0.7557495743542587,-0.9510565162951595
2018-12-05,0.0,240,-0.4647231720437691,-0.5406408174556084,-1.175660927181459e-14
2018-12-06,0.0,241,-0.44319154559924107,-0.28173255684142706,0.9510565162951522
2018-12-07,0.0,242,-0.4214011077725288,4.411204399476825e-15,0.5877852522924711
2018-12-10,0.0,243,-0.3993645835656952,0.2817325568414355,-0.5877852522924807
2018-12-11,0.0,244,-0.37709484168832086,0.540640817455592,-0.9510565162951485
2018-12-12,0.0,245,-0.354604887042536,0.7557495743542552,-3.331782070444706e-14
2018-12-13,0.0,246,-0.3319078531285287,0.9096319953545169,0.9510565162951455
2018-12-14,0.0,247,-0.3090169943749477,0.9898214418809325,0.5877852522924886
2018-12-17,0.0,248,-0.28594567839868945,0.9898214418809327,-0.5877852522924633
2018-12-18,0.0,249,-0.262707378198587,0.9096319953545235,-0.9510565162951552
2018-12-19,0.0,250,-0.2393156642875587,0.7557495743542657,-5.487903213707954e-14
2018-12-20,0.0,251,-0.21578419676780614,0.5406408174555936,0.9510565162951564
2018-12-21,0.0,252,-0.19212671735370832,0.2817325568414238,0.58778525229246
2018-12-24,0.0,253,-0.1683570413470384,6.369401316839413e-15,-0.5877852522924918
2018-12-25,0.0,254,-0.1444890495692211,-0.2817325568414252,-0.9510565162951619
2018-12-26,0.0,255,-0.12053668025532364,-0.5406408174555949,-1.9596824708904006e-14
2018-12-27,0.0,256,-0.09651392091451563,-0.7557495743542574,0.9510565162951498
2018-12-28,0.0,257,-0.07243480016176282,-0.9096319953545182,0.5877852522924775
2018-12-31,0.0,258,-0.04831337952550745,-0.9898214418809329,-0.5877852522924742
2019-01-01,0.0,259,-0.024163745236132603,-0.9898214418809341,-0.9510565162951685
2019-01-02,0.0,260,-2.4492935982947064e-16,-0.9096319953545221,-4.1158036141536475e-14
2019-01-03,0.0,261,0.024163745236131223,-0.7557495743542635,0.9510565162951431
2019-01-04,0.0,262,0.04831337952550696,-0.5406408174555907,0.5877852522924489
2019-01-07,0.0,263,0.07243480016176232,-0.2817325568414341,-0.5877852522924568
2019-01-08,0.0,264,0.09651392091451513,-2.9391523179536475e-15,-0.9510565162951576
2019-01-09,0.0,265,0.12053668025532314,0.28173255684142845,-5.875828713360942e-15
2019-01-10,0.0,266,0.14448904956922148,0.5406408174555978,0.9510565162951541
2019-01-11,0.0,267,0.1683570413470379,0.7557495743542597,0.5877852522924664
2019-01-14,0.0,268,0.19212671735370782,0.9096319953545138,-0.5877852522924394
2019-01-15,0.0,269,0.21578419676780566,0.9898214418809312,-0.9510565162951643
2019-01-16,0.0,270,0.23931566428755735,0.9898214418809337,-2.743704014599342e-14
2019-01-17,0.0,271,0.2627073781985866,0.9096319953545208,0.9510565162951474
2019-01-18,0.0,272,0.28594567839868984,0.7557495743542613,0.5877852522924838
2019-01-21,0.0,273,0.30901699437494723,0.5406408174555998,-0.587785252292468
2019-01-22,0.0,274,0.33190785312852833,0.2817325568414308,-0.9510565162951534
2019-01-23,0.0,275,0.35460488704253557,-4.91096680932118e-16,7.84516728218212e-15
2019-01-24,0.0,276,0.37709484168832047,-0.2817325568414318,0.9510565162951582
2019-01-25,0.0,277,0.3993645835656956,-0.5406408174556006,0.5877852522925012
2019-01-28,0.0,278,0.4214011077725292,-0.7557495743542525,-0.5877852522924506
2019-01-29,0.0,279,0.4431915455992407,-0.9096319953545152,-0.9510565162951601
2019-01-30,0.0,280,0.46472317204376795,-0.9898214418809319,-1.3716044150450356e-14
2019-01-31,0.0,281,0.4859834132426055,-0.9898214418809332,0.9510565162951515
2019-02-01,0.0,282,0.5069598538135899,-0.9096319953545192,0.5877852522925188
2019-02-04,0.0,283,0.5276402441061331,-0.755749574354259,-0.587785252292479
2019-02-05,0.0,284,0.5480125073546703,-0.5406408174555969,-0.9510565162951492
2019-02-06,0.0,285,0.5680647467311555,-0.2817325568414275,2.1566163277725183e-14
2019-02-07,0.0,286,0.5877852522924728,3.921345679817883e-15,0.951056516295145
2019-02-08,0.0,287,0.607162507818711,0.2817325568414214,0.5877852522924902
2019-02-11,0.0,288,0.6261851975383136,0.5406408174555916,-0.5877852522924616
2019-02-12,0.0,289,0.6448422127361705,0.7557495743542548,-0.9510565162951559
2019-02-13,0.0,290,0.6631226582407952,0.9096319953545167,4.951845092706862e-18
2019-02-14,0.0,291,0.6810158587867966,0.9898214418809324,0.9510565162951383
2019-02-15,0.0,292,0.6985113652489365,0.9898214418809328,0.5877852522925077
2019-02-18,0.0,293,0.7155989607441207,0.9096319953545238,-0.5877852522924442
2019-02-19,0.0,294,0.7322686665977738,0.7557495743542567,-0.951056516295145
2019-02-20,0.0,295,0.7485107481711014,0.540640817455594,-2.155625958753977e-14
2019-02-21,0.0,296,0.7643157205458482,0.28173255684142423,0.9510565162951492
2019-02-22,0.0,297,0.7796743540632223,6.859260036498355e-15,0.587785252292479
2019-02-25,0.0,298,0.7945776797137541,-0.2817325568414247,-0.5877852522924728
2019-02-26,0.0,299,0.8090169943749473,-0.5406408174555944,-0.9510565162951515
2019-02-27,0.0,300,0.8229838658936564,-0.755749574354257,-4.3117471020172244e-14
2019-02-28,0.0,301,0.8364701380102267,-0.909631995354518,0.9510565162951425
2019-03-01,0.0,302,0.8494679351215205,-0.9898214418809308,0.5877852522924965
2019-03-04,0.0,303,0.8619696668800487,-0.9898214418809343,-0.5877852522924554
2019-03-05,0.0,304,0.8739680326265175,-0.9096319953545223,-0.9510565162951582
2019-03-06,0.0,305,0.8854560256532099,-0.7557495743542545,-7.835263591996707e-15
2019-03-07,0.0,306,0.8964269372957037,-0.5406408174556031,0.9510565162951534
2019-03-08,0.0,307,0.9068743608505454,-0.28173255684143456,0.587785252292468
2019-03-11,0.0,308,0.9167921953165821,-3.429011037612589e-15,-0.5877852522924838
2019-03-12,0.0,309,0.9261746489577762,0.28173255684142795,-0.9510565162951649
2019-03-13,0.0,310,0.9350162426854146,0.5406408174555973,-2.939647502462918e-14
2019-03-14,0.0,311,0.943311813257743,0.7557495743542593,0.9510565162951468
2019-03-15,0.0,312,0.9510565162951535,0.9096319953545137,0.5877852522924855
2019-03-18,0.0,313,0.9582458291091663,0.9898214418809314,-0.5877852522924664
2019-03-19,0.0,314,0.9648755533435514,0.9898214418809338,-0.9510565162951715
2019-03-20,0.0,315,0.9709418174260522,0.909631995354515,5.885732403546356e-15
2019-03-21,0.0,316,0.9764410788292722,0.7557495743542616,0.9510565162951576
2019-03-22,0.0,317,0.9813701261394135,0.5406408174556002,0.5877852522924568
2019-03-25,0.0,318,0.9857260809316508,0.2817325568414313,-0.5877852522924489
2019-03-26,0.0,319,0.989506399451051,-1.2379612731767154e-18,-0.9510565162951607
2019-03-27,0.0,320,0.9927088740980539,-0.2817325568414313,-1.567547902908612e-14
2019-03-28,0.0,321,0.9953316347176485,-0.5406408174555882,0.951056516295151
2019-03-29,0.0,322,0.997373149691491,-0.7557495743542523,0.5877852522924742
2019-04-01,0.0,323,0.9988322268323266,-0.909631995354515,-0.5877852522924315
2019-04-02,0.0,324,0.9997080140801932,-0.9898214418809318,-0.9510565162951674
2019-04-03,0.0,325,0.9999999999999999,-0.9898214418809332,-3.7236690461718594e-14
2019-04-04,0.0,326,0.9997080140801932,-0.9096319953545196,0.9510565162951443
2019-04-05,0.0,327,0.9988322268323268,-0.7557495743542593,0.5877852522924918
2019-04-08,0.0,328,0.9973731496914912,-0.5406408174556092,-0.587785252292414
2019-04-09,0.0,329,0.9953316347176484,-0.28173255684142795,-0.9510565162951564
2019-04-10,0.0,330,0.9927088740980541,-1.0779367755043061e-14,-5.879790189435108e-14
2019-04-11,0.0,331,0.989506399451051,0.28173255684142096,0.9510565162951552
2019-04-12,0.0,332,0.9857260809316507,0.5406408174556031,0.5877852522924633
2019-04-15,0.0,333,0.9813701261394134,0.7557495743542545,-0.5877852522924426
2019-04-16,0.0,334,0.9764410788292723,0.9096319953545223,-0.9510565162951455
2019-04-17,0.0,335,0.9709418174260526,0.9898214418809322,-2.3515694466175534e-14
2019-04-18,0.0,336,0.9648755533435518,0.9898214418809327,0.9510565162951485
2019-04-19,0.0,337,0.9582458291091668,0.909631995354524,0.5877852522925266
2019-04-22,0.0,338,0.9510565162951538,0.755749574354257,-0.5877852522924711
2019-04-23,0.0,339,0.9433118132577435,0.5406408174556063,-0.9510565162951697
2019-04-24,0.0,340,0.9350162426854149,0.28173255684143833,1.1766512962000004e-14
2019-04-25,0.0,341,0.9261746489577768,7.349118756157295e-15,0.9510565162951419
2019-04-26,0.0,342,0.9167921953165823,-0.28173255684142423,0.5877852522924981
2019-04-29,0.0,343,0.906874360850545,-0.540640817455606,-0.5877852522924997
2019-04-30,0.0,344,0.8964269372957037,-0.7557495743542567,-0.9510565162951589
2019-05-01,0.0,345,0.8854560256532094,-0.9096319953545179,-9.794698470632472e-15
2019-05-02,0.0,346,0.8739680326265187,-0.9898214418809308,0.9510565162951352
2019-05-03,0.0,347,0.8619696668800495,-0.9898214418809324,0.5877852522924695
2019-05-06,0.0,348,0.8494679351215217,-0.9096319953545225,-0.5877852522924363
2019-05-07,0.0,349,0.836470138010227,-0.7557495743542548,-0.951056516295148
2019-05-08,0.0,350,0.8229838658936571,-0.5406408174556034,-3.1355909903264943e-14
2019-05-09,0.0,351,0.8090169943749477,-0.28173255684143506,0.9510565162951462
2019-05-10,0.0,352,0.794577679713755,-1.8129724472473535e-14,0.587785252292533
2019-05-13,0.0,353,0.7796743540632226,0.2817325568414275,-0.5877852522924648
2019-05-14,0.0,354,0.764315720545848,0.5406408174555969,-0.9510565162951546
2019-05-15,0.0,355,0.7485107481711012,0.7557495743542497,-5.291712133589742e-14
2019-05-16,0.0,356,0.732268666597773,0.9096319953545192,0.9510565162951571
2019-05-17,0.0,357,0.7155989607441211,0.9898214418809312,0.5877852522925044
2019-05-20,0.0,358,0.6985113652489375,0.9898214418809319,-0.5877852522924933
2019-05-21,0.0,359,0.6810158587867983,0.9096319953545211,-0.9510565162951613
2019-05-22,0.0,360,0.6631226582407956,0.7557495743542618,-1.7634913907721887e-14
2019-05-23,0.0,361,0.6448422127361716,0.5406408174556125,0.9510565162951329
2019-05-24,0.0,362,0.6261851975383139,0.2817325568414318,0.5877852522924759
2019-05-27,0.0,363,0.6071625078187107,4.886207583857646e-16,-0.5877852522924759
2019-05-28,0.0,364,0.5877852522924732,-0.2817325568414308,-0.951056516295168
2019-05-29,0.0,365,0.5680647467311551,-0.5406408174555998,1.7647293520453652e-14
2019-05-30,0.0,366,0.54801250735467,-0.7557495743542519,0.9510565162951437
2019-05-31,0.0,367,0.527640244106132,-0.9096319953545208,0.5877852522924474
2019-06-03,0.0,368,0.5069598538135904,-0.9898214418809316,-0.5877852522924585
2019-06-04,0.0,369,0.48598341324260524,-0.9898214418809334,-0.9510565162951571
2019-06-05,0.0,370,0.46472317204377006,-0.9096319953545255,-6.075733677298684e-14
2019-06-06,0.0,371,0.443191545599242,-0.7557495743542597,0.9510565162951546
2019-06-07,0.0,372,0.4214011077725306,-0.5406408174556098,0.5877852522925108
2019-06-10,0.0,373,0.39936458356569615,-0.28173255684142845,-0.587785252292441
2019-06-11,0.0,374,0.3770948416883202,2.941628240500001e-15,-0.9510565162951462
2019-06-12,0.0,375,0.3546048870425361,0.28173255684142046,-2.54751293448113e-14
2019-06-13,0.0,376,0.33190785312852805,0.5406408174556027,0.9510565162951655
2019-06-14,0.0,377,0.30901699437494784,0.7557495743542542,0.5877852522924822
2019-06-17,0.0,378,0.28594567839868873,0.9096319953545162,-0.5877852522924695
2019-06-18,0.0,379,0.2627073781985872,0.9898214418809322,-0.9510565162951704
2019-06-19,0.0,380,0.23931566428755707,0.9898214418809329,9.80707808336424e-15
2019-06-20,0.0,381,0.215784196767808,0.9096319953545242,0.9510565162951413
2019-06-21,0.0,382,0.1921267173537093,0.7557495743542574,0.5877852522924997
2019-06-24,0.0,383,0.16835704134704027,0.5406408174556069,-0.5877852522924061
2019-06-25,0.0,384,0.1444890495692221,0.2817325568414388,-0.9510565162951595
2019-06-26,0.0,385,0.12053668025532287,-6.371877239385766e-15,4.508928551153977e-14
2019-06-27,0.0,386,0.09651392091451574,-0.2817325568414238,0.9510565162951522
2019-06-28,0.0,387,0.07243480016176204,-0.5406408174556055,0.5877852522924711
2019-07-01,0.0,388,0.04831337952550757,-0.7557495743542564,-0.5877852522924347
2019-07-02,0.0,389,0.024163745236131837,-0.9096319953545177,-0.9510565162951485
2019-07-03,0.0,390,3.6739403974420594e-16,-0.9898214418809307,-3.331534478190072e-14
2019-07-04,0.0,391,-0.024163745236132878,-0.9898214418809325,0.9510565162951455
2019-07-05,0.0,392,-0.048313379525506836,-0.9096319953545228,0.5877852522925345
2019-07-08,0.0,393,-0.07243480016176132,-0.7557495743542645,-0.5877852522924633
2019-07-09,0.0,394,-0.09651392091451326,-0.540640817455604,-0.9510565162951727
2019-07-10,0.0,395,-0.12053668025532216,-0.2817325568414355,1.9668626462748253e-15
2019-07-11,0.0,396,-0.14448904956922137,9.802126238271534e-15,0.9510565162951564
2019-07-12,0.0,397,-0.1683570413470378,0.28173255684142706,0.587785252292506
2019-07-15,0.0,398,-0.19212671735370856,0.5406408174555964,-0.5877852522924918
2019-07-16,0.0,399,-0.21578419676780555,0.7557495743542493,-0.9510565162951619
2019-07-17,0.0,400,-0.2393156642875581,0.9096319953545191,-1.9594348786357652e-14
2019-07-18,0.0,401,-0.26270737819858647,0.9898214418809311,0.9510565162951322
2019-07-19,0.0,402,-0.28594567839868973,0.9898214418809319,0.5877852522924775
2019-07-22,0.0,403,-0.30901699437494706,0.9096319953545212,-0.5877852522924283
2019-07-23,0.0,404,-0.331907853128529,0.7557495743542622,-0.951056516295151
2019-07-24,0.0,405,-0.35460488704253373,0.540640817455613,-4.115556021899013e-14
2019-07-25,0.0,406,-0.37709484168831947,0.2817325568414322,0.9510565162951431
2019-07-26,0.0,407,-0.39936458356569543,9.784794780447059e-16,0.5877852522924489
2019-07-29,0.0,408,-0.42140110777252826,-0.2817325568414167,-0.5877852522924109
2019-07-30,0.0,409,-0.4431915455992413,-0.5406408174555993,-0.9510565162951576
2019-07-31,0.0,410,-0.4647231720437678,-0.7557495743542516,-6.27167716516226e-14
2019-08-01,0.0,411,-0.4859834132426062,-0.9096319953545206,0.9510565162951541
2019-08-02,0.0,412,-0.5069598538135898,-0.9898214418809317,0.5877852522925123
2019-08-05,0.0,413,-0.527640244106133,-0.9898214418809335,-0.5877852522924855
2019-08-06,0.0,414,-0.5480125073546694,-0.9096319953545258,-0.9510565162951643
2019-08-07,0.0,415,-0.5680647467311561,-0.7557495743542599,2.940885463736095e-14
2019-08-08,0.0,416,-0.5877852522924728,-0.5406408174555981,0.9510565162951474
2019-08-09,0.0,417,-0.6071625078187102,-0.28173255684142895,0.5877852522925298
2019-08-12,0.0,418,-0.6261851975383135,2.45176952084106e-15,-0.587785252292468
2019-08-13,0.0,419,-0.6448422127361698,0.28173255684142,-0.951056516295171
2019-08-14,0.0,420,-0.6631226582407951,0.5406408174556022,7.847643204728474e-15
2019-08-15,0.0,421,-0.6810158587867965,0.7557495743542538,0.9510565162951407
2019-08-16,0.0,422,-0.6985113652489371,0.909631995354516,0.5877852522924553
2019-08-19,0.0,423,-0.7155989607441205,0.9898214418809301,-0.5877852522924506
2019-08-20,0.0,424,-0.7322686665977737,0.9898214418809329,-0.9510565162951425
2019-08-21,0.0,425,-0.7485107481711007,0.9096319953545244,-1.3713568227904002e-14
2019-08-22,0.0,426,-0.7643157205458486,0.7557495743542577,0.951056516295134
2019-08-23,0.0,427,-0.7796743540632233,0.5406408174555952,0.5877852522924728
2019-08-26,0.0,428,-0.7945776797137536,0.2817325568414393,-0.5877852522924331
2019-08-27,0.0,429,-0.8090169943749473,-5.882018519726826e-15,-0.9510565162951492
2019-08-28,0.0,430,-0.8229838658936558,-0.2817325568414233,-3.527477966053648e-14
2019-08-29,0.0,431,-0.8364701380102266,-0.5406408174555932,0.9510565162951625
2019-08-30,0.0,432,-0.8494679351215204,-0.7557495743542562,0.5877852522924902
2019-09-02,0.0,433,-0.8619696668800491,-0.9096319953545174,-0.5877852522925077
2019-09-03,0.0,434,-0.8739680326265173,-0.9898214418809306,-0.9510565162951559
2019-09-04,0.0,435,-0.8854560256532098,-0.9898214418809324,-5.6835991093168957e-14
2019-09-05,0.0,436,-0.8964269372957032,-0.909631995354523,0.9510565162951207
2019-09-06,0.0,437,-0.9068743608505453,-0.7557495743542647,0.5877852522925077
2019-09-09,0.0,438,-0.9167921953165827,-0.5406408174555923,-0.5877852522924902
2019-09-10,0.0,439,-0.9261746489577765,-0.28173255684143594,-0.9510565162951625
2019-09-11,0.0,440,-0.9350162426854146,9.31226751861259e-15,3.52896351958146e-14
2019-09-12,0.0,441,-0.9433118132577427,0.2817325568414266,0.9510565162951492
2019-09-13,0.0,442,-0.9510565162951535,0.5406408174555961,0.5877852522924331
2019-09-16,0.0,443,-0.958245829109166,0.755749574354249,-0.5877852522924728
2019-09-17,0.0,444,-0.9648755533435516,0.9096319953545189,-0.9510565162951692
2019-09-18,0.0,445,-0.9709418174260519,0.9898214418809311,-9.99584139584339e-14
2019-09-19,0.0,446,-0.9764410788292721,0.989821441880934,0.9510565162951425
2019-09-20,0.0,447,-0.9813701261394133,0.9096319953545215,0.5877852522925424
2019-09-23,0.0,448,-0.9857260809316508,0.7557495743542625,-0.5877852522924554
2019-09-24,0.0,449,-0.9895063994510511,0.5406408174555895,-0.9510565162951407
2019-09-25,0.0,450,-0.9927088740980539,0.2817325568414463,-7.832787669450353e-15
2019-09-26,0.0,451,-0.9953316347176485,-1.2742516517498356e-14,0.951056516295171
2019-09-27,0.0,452,-0.997373149691491,-0.28173255684141624,0.587785252292468
2019-09-30,0.0,453,-0.9988322268323268,-0.540640817455587,-0.5877852522924378
2019-10-01,0.0,454,-0.999708014080193,-0.7557495743542513,-0.9510565162951825
2019-10-02,0.0,455,-0.9999999999999999,-0.9096319953545143,-2.939399910208283e-14
2019-10-03,0.0,456,-0.9997080140801932,-0.9898214418809315,0.9510565162951292
2019-10-04,0.0,457,-0.9988322268323268,-0.9898214418809336,0.5877852522924855
2019-10-07,0.0,458,-0.9973731496914912,-0.9096319953545201,-0.5877852522924204
2019-10-08,0.0,459,-0.9953316347176484,-0.7557495743542603,-0.951056516295154
2019-10-09,0.0,460,-0.9927088740980538,-0.5406408174555986,6.273162718690073e-14
2019-10-10,0.0,461,-0.989506399451051,-0.2817325568414294,0.9510565162951576
2019-10-11,0.0,462,-0.9857260809316507,1.9619108011821185e-15,0.5877852522925029
2019-10-14,0.0,463,-0.9813701261394138,0.28173255684143317,-0.587785252292403
2019-10-15,0.0,464,-0.9764410788292723,0.5406408174556019,-0.9510565162951607
2019-10-16,0.0,465,-0.9709418174260526,0.7557495743542443,-7.251642196734778e-14
2019-10-17,0.0,466,-0.9648755533435518,0.9096319953545218,0.951056516295151
2019-10-18,0.0,467,-0.9582458291091668,0.98982144188093,0.5877852522925203
2019-10-21,0.0,468,-0.9510565162951538,0.9898214418809351,-0.5877852522924775
2019-10-22,0.0,469,-0.9433118132577435,0.9096319953545247,-0.9510565162951674
2019-10-23,0.0,470,-0.9350162426854149,0.7557495743542673,1.9609204321635772e-14
2019-10-24,0.0,471,-0.9261746489577762,0.5406408174555837,0.9510565162951443
2019-10-25,0.0,472,-0.9167921953165823,0.2817325568414398,0.5877852522925376
2019-10-28,0.0,473,-0.906874360850545,8.81869491513412e-15,-0.5877852522924601
2019-10-29,0.0,474,-0.8964269372957037,-0.2817325568414228,-0.951056516295174
2019-10-30,0.0,475,-0.8854560256532101,-0.5406408174555928,-1.9520071109967045e-15
2019-10-31,0.0,476,-0.8739680326265187,-0.7557495743542558,0.9510565162951377
2019-11-01,0.0,477,-0.8619696668800495,-0.9096319953545172,0.5877852522924633
2019-11-04,0.0,478,-0.8494679351215217,-0.9898214418809326,-0.5877852522924426
2019-11-05,0.0,479,-0.8364701380102271,-0.9898214418809326,-0.9510565162951455
2019-11-06,0.0,480,-0.8229838658936572,-0.9096319953545291,-2.351321854362918e-14
2019-11-07,0.0,481,-0.8090169943749478,-0.7557495743542558,0.951056516295131
2019-11-08,0.0,482,-0.794577679713754,-0.5406408174555928,0.5877852522924807
2019-11-11,0.0,483,-0.7796743540632227,-0.2817325568414501,-0.5877852522924252
2019-11-12,0.0,484,-0.764315720545848,8.82240879895365e-15,-0.9510565162951522
2019-11-13,0.0,485,-0.7485107481711013,0.28173255684141246,-4.507442997626166e-14
2019-11-14,0.0,486,-0.732268666597773,0.5406408174556075,0.9510565162951595
2019-11-15,0.0,487,-0.7155989607441224,0.7557495743542487,0.5877852522924981
2019-11-18,0.0,488,-0.6985113652489376,0.9096319953545128,-0.5877852522924997
2019-11-19,0.0,489,-0.6810158587867984,0.9898214418809309,-0.9510565162951589
2019-11-20,0.0,490,-0.6631226582407957,0.989821441880934,-6.663564140889413e-14
2019-11-21,0.0,491,-0.6448422127361704,0.9096319953545218,0.9510565162951529
2019-11-22,0.0,492,-0.626185197538314,0.7557495743542628,0.5877852522925155
2019-11-25,0.0,493,-0.6071625078187108,0.5406408174556019,-0.5877852522924822
2019-11-26,0.0,494,-0.5877852522924734,0.28173255684143317,-0.9510565162951655
2019-11-27,0.0,495,-0.5680647467311553,1.9581969173625882e-15,2.5489984880089422e-14
2019-11-28,0.0,496,-0.5480125073546701,-0.2817325568414294,0.9510565162951462
2019-11-29,0.0,497,-0.5276402441061321,-0.5406408174555986,0.587785252292441
2019-12-02,0.0,498,-0.5069598538135904,-0.7557495743542416,-0.5877852522924648
2019-12-03,0.0,499,-0.4859834132426069,-0.9096319953545201,-0.9510565162951722
2019-12-04,0.0,500,-0.46472317204377017,-0.9898214418809295,-1.0975806427415908e-13
2019-12-05,0.0,501,-0.4431915455992421,-0.9898214418809315,0.9510565162951395
2019-12-06,0.0,502,-0.42140110777252904,-0.9096319953545143,0.5877852522924585
2019-12-09,0.0,503,-0.39936458356569626,-0.7557495743542699,-0.5877852522924474
2019-12-10,0.0,504,-0.3770948416883203,-0.540640817455587,-0.9510565162951437
2019-12-11,0.0,505,-0.35460488704253623,-0.2817325568414435,-1.763243798517553e-14
2019-12-12,0.0,506,-0.33190785312852816,-1.2738802633678827e-14,0.951056516295168
2019-12-13,0.0,507,-0.30901699437494795,0.28173255684141907,0.5877852522924759
2019-12-16,0.0,508,-0.28594567839868884,0.5406408174555895,-0.58778525229243
2019-12-17,0.0,509,-0.2627073781985873,0.7557495743542532,-0.9510565162951855
2019-12-18,0.0,510,-0.23931566428755893,0.9096319953545157,-3.919364941780801e-14
2019-12-19,0.0,511,-0.2157841967678081,0.989821441880932,0.9510565162951262
2019-12-20,0.0,512,-0.19212671735370943,0.989821441880933,0.5877852522924933
2019-12-23,0.0,513,-0.16835704134703866,0.9096319953545189,-0.5877852522925044
2019-12-24,0.0,514,-0.14448904956922223,0.7557495743542584,-0.9510565162951571
2019-12-25,0.0,515,-0.12053668025532299,0.5406408174555961,5.293197687117554e-14
2019-12-26,0.0,516,-0.09651392091451587,0.2817325568414266,0.9510565162951546
2019-12-27,0.0,517,-0.07243480016176217,-4.902301080408943e-15,0.5877852522925108
2019-12-30,0.0,518,-0.048313379525507696,-0.2817325568414087,-0.5877852522923951
2019-12-31,0.0,519,-0.024163745236131958,-0.5406408174556043,-0.9510565162951637
2020-01-01,0.0,520,-4.898587196589413e-16,-0.7557495743542462,-8.231607228307295e-14
2020-01-02,0.0,521,0.024163745236132756,-0.9096319953545111,0.951056516295148
2020-01-03,0.0,522,0.048313379525504935,-0.9898214418809304,0.5877852522925283
2020-01-06,1.0,523,0.0724348001617612,-0.9898214418809346,-0.5877852522924695
2020-01-07,1.0,524,0.09651392091451491,-0.9096319953545114,-0.9510565162951352
2020-01-08,1.0,525,0.12053668025532203,-0.7557495743542654,9.809554005910592e-15
2020-01-09,1.0,526,0.14448904956922123,-0.5406408174556051,0.9510565162951413
2020-01-10,1.0,527,0.16835704134703766,-0.28173255684143694,0.5877852522925456
2020-01-13,1.0,528,0.19212671735370843,-5.878304635907295e-15,-0.587785252292452
2020-01-14,1.0,529,0.21578419676780541,0.2817325568414256,-0.9510565162951771
2020-01-15,1.0,530,0.23931566428755796,0.5406408174555952,-1.1751657426721884e-14
2020-01-16,1.0,531,0.26270737819858636,0.7557495743542577,0.9510565162951347
2020-01-17,1.0,532,0.2859456783986896,0.9096319953545184,0.5877852522924711
2020-01-20,1.0,533,0.309016994374947,0.9898214418809289,-0.5877852522924347
2020-01-21,1.0,534,0.3319078531285272,0.989821441880932,-0.9510565162951485
2020-01-22,1.0,535,0.3546048870425353,0.909631995354516,-3.331286885935436e-14
2020-01-23,1.0,536,0.37709484168831936,0.7557495743542725,0.951056516295128
2020-01-24,1.0,537,0.3993645835656954,0.5406408174555903,0.5877852522924886
2020-01-27,1.0,538,0.42140110777252815,0.28173255684144727,-0.5877852522924173
2020-01-28,1.0,539,0.44319154559924123,-1.1762799078180473e-14,-0.9510565162951552
2020-01-29,1.0,540,0.4647231720437677,-0.2817325568414153,-5.487408029198684e-14
2020-01-30,1.0,541,0.48598341324260613,-0.5406408174555862,0.9510565162951564
2020-01-31,1.0,542,0.5069598538135898,-0.7557495743542506,0.587785252292506
2020-02-03,1.0,543,0.5276402441061329,-0.909631995354514,-0.5877852522924918
2020-02-04,1.0,544,0.5480125073546709,-0.9898214418809315,-0.9510565162951619
2020-02-05,1.0,545,0.5680647467311546,-0.9898214418809337,-7.643529172461931e-14
2020-02-06,1.0,546,0.5877852522924727,-0.9096319953545206,0.9510565162951498
2020-02-07,1.0,547,0.6071625078187101,-0.7557495743542609,0.5877852522925235
2020-02-10,1.0,548,0.6261851975383134,-0.5406408174555993,-0.5877852522924742
2020-02-11,1.0,549,0.6448422127361697,-0.28173255684143034,-0.9510565162951685
2020-02-12,1.0,550,0.6631226582407951,9.82193361864236e-16,1.569033456436424e-14
2020-02-13,1.0,551,0.6810158587867964,0.28173255684140497,0.9510565162951431
2020-02-14,1.0,552,0.698511365248937,0.540640817455601,0.5877852522924489
2020-02-17,1.0,553,0.7155989607441205,0.7557495743542436,-0.5877852522924568
2020-02-18,1.0,554,0.7322686665977737,0.9096319953545212,-0.9510565162951753
2020-02-19,1.0,555,0.7485107481711019,0.9898214418809338,-5.870876868268235e-15
2020-02-20,1.0,556,0.7643157205458485,0.9898214418809351,0.9510565162951364
2020-02-21,1.0,557,0.7796743540632222,0.9096319953545132,0.5877852522924664
2020-02-24,1.0,558,0.7945776797137535,0.7557495743542679,-0.5877852522924394
2020-02-25,1.0,559,0.8090169943749472,0.5406408174556084,-0.9510565162951468
2020-02-26,1.0,560,0.8229838658936557,0.2817325568414407,-2.743208830090071e-14
2020-02-27,1.0,561,0.8364701380102266,9.798412354452003e-15,0.9510565162951649
2020-02-28,1.0,562,0.8494679351215204,-0.28173255684142184,0.5877852522924838
2020-03-02,1.0,563,0.8619696668800491,-0.540640817455592,-0.587785252292422
2020-03-03,1.0,564,0.8739680326265173,-0.7557495743542552,-0.9510565162951886
2020-03-04,1.0,565,0.8854560256532098,-0.9096319953545169,-4.899329973353319e-14
2020-03-05,1.0,566,0.8964269372957041,-0.9898214418809325,0.9510565162951582
2020-03-06,1.0,567,0.9068743608505453,-0.9898214418809327,0.5877852522925012
2020-03-09,1.0,568,0.9167921953165827,-0.9096319953545177,-0.5877852522924966
2020-03-10,1.0,569,0.9261746489577759,-0.7557495743542564,-0.9510565162951601
2020-03-11,1.0,570,0.9350162426854146,-0.5406408174555936,4.313232655545037e-14
2020-03-12,1.0,571,0.9433118132577427,-0.28173255684145104,0.9510565162951515
2020-03-13,1.0,572,0.9510565162951535,7.842691359635767e-15,0.5877852522925188
2020-03-16,1.0,573,0.958245829109166,0.2817325568414115,-0.5877852522923871
2020-03-17,1.0,574,0.9648755533435516,0.5406408174555829,-0.9510565162951667
2020-03-18,1.0,575,0.9709418174260519,0.7557495743542482,-9.211572259879814e-14
2020-03-19,1.0,576,0.9764410788292721,0.9096319953545123,0.951056516295145
2020-03-20,1.0,577,0.9813701261394137,0.9898214418809349,0.5877852522924442
2020-03-23,1.0,578,0.9857260809316508,0.9898214418809341,-0.5877852522924616
2020-03-24,1.0,579,0.9895063994510511,0.9096319953545221,-0.9510565162951383
2020-03-25,1.0,580,0.9927088740980539,0.7557495743542635,9.903690185413723e-18
2020-03-26,1.0,581,0.9953316347176484,0.5406408174556027,0.9510565162951383
2020-03-27,1.0,582,0.997373149691491,0.2817325568414341,0.5877852522925536
2020-03-30,1.0,583,0.9988322268323268,2.937914356680471e-15,-0.5877852522924442
2020-03-31,1.0,584,0.999708014080193,-0.28173255684142845,-0.9510565162951801
2020-04-01,1.0,585,0.9999999999999998,-0.5406408174555978,-2.1551307742447064e-14
2020-04-02,1.0,586,0.9997080140801932,-0.7557495743542411,0.9510565162951317
2020-04-03,1.0,587,0.9988322268323268,-0.9096319953545198,0.587785252292479
2020-04-06,1.0,588,0.997373149691491,-0.9898214418809334,-0.5877852522925188
2020-04-07,1.0,589,0.9953316347176486,-0.9898214418809358,-0.9510565162951515
2020-04-08,1.0,590,0.9927088740980539,-0.9096319953545148,-4.311251917507954e-14
2020-04-09,1.0,591,0.989506399451051,-0.7557495743542706,0.951056516295125
2020-04-10,1.0,592,0.985726080931651,-0.5406408174555879,0.5877852522924965
2020-04-13,1.0,593,0.9813701261394139,-0.28173255684144444,-0.5877852522924093
2020-04-14,1.0,594,0.9764410788292723,-1.371852007299671e-14,-0.9510565162951582
2020-04-15,1.0,595,0.9709418174260527,0.2817325568414181,-6.467373060771201e-14
2020-04-16,1.0,596,0.9648755533435518,0.5406408174555887,0.9510565162951534
2020-04-17,1.0,597,0.9582458291091668,0.7557495743542525,0.587785252292514
2020-04-20,1.0,598,0.9510565162951539,0.9096319953545152,-0.5877852522924838
2020-04-21,1.0,599,0.943311813257743,0.9898214418809319,-0.9510565162951649
2020-04-22,1.0,600,0.9350162426854149,0.9898214418809332,-8.623494204034449e-14
2020-04-23,1.0,601,0.9261746489577762,0.9096319953545192,0.9510565162951468
2020-04-24,1.0,602,0.9167921953165824,0.755749574354259,0.5877852522925314
2020-04-27,1.0,603,0.9068743608505451,0.5406408174555969,-0.5877852522924664
2020-04-28,1.0,604,0.8964269372957046,0.28173255684145476,-0.9510565162951715
2020-04-29,1.0,605,0.8854560256532102,-3.92258364109106e-15,5.8906842486390624e-15
2020-04-30,1.0,606,0.8739680326265188,-0.2817325568414078,0.9510565162951401
2020-05-01,1.0,607,0.8619696668800496,-0.5406408174556034,0.5877852522924568
2020-05-04,1.0,608,0.849467935121522,-0.7557495743542455,-0.5877852522924489
2020-05-05,1.0,609,0.8364701380102272,-0.9096319953545108,-0.9510565162951783
2020-05-06,1.0,610,0.8229838658936564,-0.9898214418809343,-1.5670527183993413e-14
2020-05-07,1.0,611,0.8090169943749479,-0.9898214418809348,0.9510565162951334
2020-05-08,1.0,612,0.7945776797137541,-0.9096319953545238,0.5877852522924742
2020-05-11,1.0,613,0.7796743540632228,-0.755749574354266,-0.5877852522924315
2020-05-12,1.0,614,0.7643157205458482,-0.540640817455606,-0.9510565162951498
2020-05-13,1.0,615,0.7485107481711014,-0.2817325568414379,-3.723173861662589e-14
2020-05-14,1.0,616,0.7322686665977745,-6.858022075225178e-15,0.9510565162951619
2020-05-15,1.0,617,0.7155989607441225,0.2817325568414247,0.5877852522924917
2020-05-18,1.0,618,0.6985113652489378,0.5406408174555944,-0.5877852522924141
2020-05-19,1.0,619,0.6810158587867973,0.755749574354257,-0.9510565162951564
2020-05-20,1.0,620,0.6631226582407959,0.909631995354518,-5.879295004925836e-14
2020-05-21,1.0,621,0.6448422127361705,0.9898214418809327,0.9510565162951552
2020-05-22,1.0,622,0.6261851975383143,0.9898214418809322,0.5877852522925092
2020-05-25,1.0,623,0.607162507818711,0.9096319953545164,-0.5877852522924886
2020-05-26,1.0,624,0.5877852522924736,0.7557495743542731,-0.9510565162951631
2020-05-27,1.0,625,0.5680647467311555,0.5406408174555911,3.3332676239725186e-14
2020-05-28,1.0,626,0.5480125073546703,0.2817325568414482,0.9510565162951485
2020-05-29,1.0,627,0.5276402441061337,1.7638627791541416e-14,0.5877852522925266
2020-06-01,1.0,628,0.5069598538135922,-0.28173255684141435,-0.5877852522923792
2020-06-02,1.0,629,0.4859834132426071,-0.5406408174555853,-0.9510565162951697
2020-06-03,1.0,630,0.4647231720437687,-0.7557495743542686,1.1771464807092711e-14
2020-06-04,1.0,631,0.44319154559924223,-0.9096319953545137,0.9510565162951419
2020-06-05,1.0,632,0.42140110777252915,-0.9898214418809314,0.587785252292452
2020-06-08,1.0,633,0.3993645835656964,-0.9898214418809338,-0.5877852522924537
2020-06-09,1.0,634,0.3770948416883204,-0.9096319953545209,-0.9510565162951413
2020-06-10,1.0,635,0.35460488704253634,-0.7557495743542616,-9.789746625539765e-15
2020-06-11,1.0,636,0.3319078531285283,-0.5406408174556002,0.9510565162951352
2020-06-12,1.0,637,0.30901699437494806,-0.2817325568414313,0.5877852522925615
2020-06-15,1.0,638,0.28594567839868895,2.475922546353431e-18,-0.5877852522924363
2020-06-16,1.0,639,0.26270737819858914,0.281732556841404,-0.9510565162951832
2020-06-17,1.0,640,0.23931566428755904,0.5406408174556002,-3.135095805817224e-14
2020-06-18,1.0,641,0.2157841967678065,0.7557495743542616,0.9510565162951637
2020-06-19,1.0,642,0.19212671735370954,0.9096319953545091,0.5877852522924869
2020-06-22,1.0,643,0.16835704134703877,0.9898214418809338,-0.5877852522925109
2020-06-23,1.0,644,0.14448904956922234,0.9898214418809353,-0.9510565162951546
2020-06-24,1.0,645,0.12053668025532312,0.9096319953545137,-5.291216949080472e-14
2020-06-25,1.0,646,0.096513920914516,0.7557495743542686,0.951056516295122
2020-06-26,1.0,647,0.07243480016176229,0.5406408174556092,0.5877852522925044
2020-06-29,1.0,648,0.048313379525507814,0.2817325568414416,-0.5877852522924013
2020-06-30,1.0,649,0.02416374523613208,1.0778129793769886e-14,-0.9510565162951613
2020-07-01,1.0,650,6.123233995736766e-16,-0.28173255684142096,-7.447338092343719e-14
2020-07-02,1.0,651,-0.02416374523613086,-0.5406408174555911,0.9510565162951504
2020-07-03,1.0,652,-0.04831337952550482,-0.7557495743542545,0.5877852522925219
2020-07-06,1.0,653,-0.07243480016176285,-0.9096319953545282,-0.5877852522924759
2020-07-07,1.0,654,-0.09651392091451479,-0.9898214418809322,-0.951056516295168
2020-07-08,1.0,655,-0.12053668025532191,-0.9898214418809327,-9.603459235606966e-14
2020-07-09,1.0,656,-0.14448904956921937,-0.9096319953545299,0.9510565162951086
2020-07-10,1.0,657,-0.1683570413470393,-0.755749574354257,0.5877852522924474
2020-07-13,1.0,658,-0.19212671735370834,-0.5406408174555944,-0.5877852522924585
2020-07-14,1.0,659,-0.2157841967678053,-0.28173255684145193,-0.9510565162951746
2020-07-15,1.0,660,-0.23931566428755613,-2.1558735510086122e-14,-1.1759580378870215e-13
2020-07-16,1.0,661,-0.26270737819858797,0.2817325568414379,0.9510565162951722
2020-07-17,1.0,662,-0.2859456783986895,0.5406408174555821,0.5877852522924648
2020-07-20,1.0,663,-0.3090169943749452,0.7557495743542475,-0.587785252292441
2020-07-21,1.0,664,-0.3319078531285305,0.9096319953545238,-0.9510565162951462
2020-07-22,1.0,665,-0.35460488704253523,0.9898214418809308,-2.5470177499718592e-14
2020-07-23,1.0,666,-0.3770948416883209,0.9898214418809343,0.9510565162951304
2020-07-24,1.0,667,-0.3993645835656936,0.9096319953545225,0.5877852522925743
2020-07-27,1.0,668,-0.42140110777252804,0.7557495743542455,-0.5877852522925155
2020-07-28,1.0,669,-0.4431915455992411,0.5406408174556034,-0.9510565162951529
2020-07-29,1.0,670,-0.464723172043766,0.28173255684143506,-4.703138893235107e-14
2020-07-30,1.0,671,-0.48598341324260436,3.233934122640236e-14,0.9510565162951237
2020-07-31,1.0,672,-0.5069598538135895,-0.2817325568414275,0.5877852522924997
2020-08-03,1.0,673,-0.5276402441061326,-0.5406408174555969,-0.5877852522924061
2020-08-04,1.0,674,-0.5480125073546677,-0.7557495743542404,-0.9510565162951946
2020-08-05,1.0,675,-0.5680647467311573,-0.9096319953545192,4.5094237356632486e-14
2020-08-06,1.0,676,-0.5877852522924725,-0.9898214418809332,0.9510565162951522
2020-08-07,1.0,677,-0.6071625078187113,-0.9898214418809359,0.5877852522925171
2020-08-10,1.0,678,-0.6261851975383118,-0.909631995354527,-0.5877852522923886
2020-08-11,1.0,679,-0.6448422127361723,-0.7557495743542525,-0.951056516295131
2020-08-12,1.0,680,-0.6631226582407949,-0.5406408174556125,2.3533025924000007e-14
2020-08-13,1.0,681,-0.6810158587867949,-0.2817325568414454,0.9510565162951455
2020-08-14,1.0,682,-0.6985113652489355,-1.469823751231459e-14,0.5877852522925345
2020-08-17,1.0,683,-0.7155989607441203,0.28173255684144444,-0.5877852522924633
2020-08-18,1.0,684,-0.7322686665977735,0.5406408174555879,-0.9510565162951727
2020-08-19,1.0,685,-0.7485107481710994,0.7557495743542519,-1.1171502323024849e-13
2020-08-20,1.0,686,-0.7643157205458496,0.9096319953545267,0.951056516295174
2020-08-21,1.0,687,-0.7796743540632219,0.9898214418809316,0.58778525229246
2020-08-24,1.0,688,-0.7945776797137545,0.9898214418809334,-0.5877852522924458
2020-08-25,1.0,689,-0.809016994374946,0.9096319953545315,-0.9510565162951794
2020-08-26,1.0,690,-0.8229838658936576,0.7557495743542596,-1.9589396941264945e-14
2020-08-27,1.0,691,-0.8364701380102265,0.5406408174555977,0.9510565162951322
2020-08-28,1.0,692,-0.8494679351215193,0.2817325568414557,0.5877852522925695
2020-08-31,1.0,693,-0.8619696668800481,2.547884322863083e-14,-0.5877852522923364
2020-09-01,1.0,694,-0.8739680326265172,-0.2817325568414341,-0.951056516295151
2020-09-02,1.0,695,-0.8854560256532096,-0.5406408174555788,-4.1150608373897424e-14
2020-09-03,1.0,696,-0.8964269372957023,-0.755749574354245,0.9510565162951256
2020-09-04,1.0,697,-0.906874360850546,-0.9096319953545221,0.587785252292403
2020-09-07,1.0,698,-0.9167921953165818,-0.9898214418809341,-0.5877852522925029
2020-09-08,1.0,699,-0.9261746489577765,-0.9898214418809349,-0.9510565162951576
2020-09-09,1.0,700,-0.935016242685414,-0.9096319953545242,-6.271181980652989e-14
2020-09-10,1.0,701,-0.9433118132577437,-0.7557495743542482,0.9510565162951541
2020-09-11,1.0,702,-0.9510565162951534,-0.5406408174556069,0.5877852522925123
2020-09-14,1.0,703,-0.9582458291091664,-0.2817325568414388,-0.5877852522923934
2020-09-15,1.0,704,-0.964875553343551,-3.625944894494707e-14,-0.9510565162951995
2020-09-16,1.0,705,-0.9709418174260519,0.2817325568414238,2.9413806482453654e-14
2020-09-17,1.0,706,-0.9764410788292721,0.5406408174555936,0.9510565162951474
2020-09-18,1.0,707,-0.9813701261394129,0.7557495743542378,0.5877852522925298
2020-09-21,1.0,708,-0.9857260809316511,0.9096319953545177,-0.587785252292468
2020-09-22,1.0,709,-0.9895063994510509,0.9898214418809327,-0.951056516295171
2020-09-23,1.0,710,-0.9927088740980539,0.9898214418809365,-1.0583424267179484e-13
2020-09-24,1.0,711,-0.9953316347176482,0.9096319953545287,0.9510565162951056
2020-09-25,1.0,712,-0.9973731496914912,0.7557495743542552,0.5877852522924553
2020-09-28,1.0,713,-0.9988322268323265,0.540640817455592,-0.5877852522924506
2020-09-29,1.0,714,-0.9997080140801933,0.2817325568414491,-0.9510565162951776
2020-09-30,1.0,715,-1.0,-9.803364199544709e-15,9.997822133880475e-14
2020-10-01,1.0,716,-0.9997080140801932,-0.2817325568414407,0.9510565162951692
2020-10-02,1.0,717,-0.9988322268323268,-0.5406408174555846,0.5877852522924728
2020-10-05,1.0,718,-0.9973731496914913,-0.7557495743542493,-0.5877852522924331
2020-10-06,1.0,719,-0.9953316347176484,-0.909631995354525,-0.9510565162951492
2020-10-07,1.0,720,-0.9927088740980541,-0.9898214418809311,-3.5269827815443773e-14
2020-10-08,1.0,721,-0.989506399451051,-0.9898214418809338,0.9510565162951273
2020-10-09,1.0,722,-0.9857260809316514,-0.9096319953545331,0.5877852522925822
2020-10-12,1.0,723,-0.9813701261394132,-0.7557495743542622,-0.5877852522925077
2020-10-13,1.0,724,-0.9764410788292723,-0.540640817455601,-0.9510565162951559
2020-10-14,1.0,725,-0.9709418174260522,-0.28173255684145954,-5.683103924807625e-14
2020-10-15,1.0,726,-0.9648755533435514,-9.772415167715292e-16,0.9510565162951559
2020-10-16,1.0,727,-0.9582458291091668,0.28173255684143034,0.5877852522925077
2020-10-19,1.0,728,-0.9510565162951539,0.5406408174555993,-0.5877852522923982
2020-10-20,1.0,729,-0.9433118132577442,0.7557495743542423,-0.9510565162951976
2020-10-21,1.0,730,-0.9350162426854144,0.9096319953545206,3.5294587040907305e-14
2020-10-22,1.0,731,-0.9261746489577769,0.9898214418809337,0.9510565162951492
2020-10-23,1.0,732,-0.9167921953165824,0.9898214418809355,0.587785252292525
2020-10-26,1.0,733,-0.9068743608505465,0.9096319953545258,-0.5877852522923808
2020-10-27,1.0,734,-0.8964269372957029,0.7557495743542506,-0.951056516295134
2020-10-28,1.0,735,-0.8854560256532102,0.5406408174556101,1.3733375608274829e-14
2020-10-29,1.0,736,-0.8739680326265179,0.28173255684144255,0.9510565162951425
2020-10-30,1.0,737,-0.8619696668800487,-1.6663862197316242e-14,0.5877852522924505
2020-11-02,1.0,738,-0.8494679351215201,-0.28173255684142,-0.5877852522924554
2020-11-03,1.0,739,-0.8364701380102273,-0.5406408174555903,-0.9510565162951758
2020-11-04,1.0,740,-0.8229838658936585,-0.7557495743542353,-1.2151467354597368e-13
2020-11-05,1.0,741,-0.8090169943749469,-0.909631995354516,0.951056516295171
2020-11-06,1.0,742,-0.7945776797137554,-0.989821441880932,0.587785252292468
2020-11-09,1.0,743,-0.7796743540632229,-0.9898214418809329,-0.5877852522924378
2020-11-10,1.0,744,-0.7643157205458505,-0.9096319953545303,-0.9510565162951825
2020-11-11,1.0,745,-0.7485107481711003,-0.7557495743542577,-2.938904725699012e-14
2020-11-12,1.0,746,-0.7322686665977745,-0.5406408174555952,0.9510565162951292
2020-11-13,1.0,747,-0.7155989607441214,-0.28173255684145293,0.5877852522925774
2020-11-16,1.0,748,-0.6985113652489365,5.883256481000002e-15,-0.5877852522925123
2020-11-17,1.0,749,-0.681015858786796,0.28173255684143694,-0.951056516295154
2020-11-18,1.0,750,-0.663122658240796,0.5406408174555812,-5.09502586896226e-14
2020-11-19,1.0,751,-0.6448422127361734,0.7557495743542468,0.9510565162951226
2020-11-20,1.0,752,-0.6261851975383129,0.9096319953545233,0.5877852522924109
2020-11-23,1.0,753,-0.6071625078187125,0.9898214418809306,-0.5877852522924949
2020-11-24,1.0,754,-0.5877852522924737,0.9898214418809345,-0.9510565162951607
2020-11-25,1.0,755,-0.5680647467311585,0.9096319953545348,-7.251147012225509e-14
2020-11-26,1.0,756,-0.5480125073546689,0.7557495743542647,0.951056516295151
2020-11-27,1.0,757,-0.5276402441061339,0.5406408174556043,0.5877852522925203
2020-11-30,1.0,758,-0.5069598538135908,0.28173255684143594,-0.5877852522923855
2020-12-01,1.0,759,-0.48598341324260563,-2.3524360195087774e-14,-0.9510565162951322
2020-12-02,1.0,760,-0.46472317204376723,-0.2817325568414266,1.961415616672848e-14
2020-12-03,1.0,761,-0.4431915455992423,-0.5406408174555961,0.9510565162951443
2020-12-04,1.0,762,-0.4214011077725325,-0.7557495743542397,0.5877852522925376
2020-12-07,1.0,763,-0.3993645835656949,-0.9096319953545189,-0.5877852522924601
2020-12-08,1.0,764,-0.37709484168832214,-0.989821441880933,-0.951056516295174
2020-12-09,1.0,765,-0.35460488704253645,-0.989821441880936,-1.1563389298752003e-13
2020-12-10,1.0,766,-0.3319078531285317,-0.9096319953545274,0.9510565162951025
2020-12-11,1.0,767,-0.30901699437494645,-0.7557495743542532,0.5877852522924633
2020-12-14,1.0,768,-0.2859456783986908,-0.5406408174556133,-0.5877852522924426
2020-12-15,1.0,769,-0.2627073781985875,-0.2817325568414463,-0.9510565162951806
2020-12-16,1.0,770,-0.23931566428755743,1.2743754478771533e-14,9.017857102307954e-14
2020-12-17,1.0,771,-0.21578419676780486,0.28173255684141624,0.9510565162951661
2020-12-18,1.0,772,-0.19212671735370965,0.540640817455587,0.5877852522924807
2020-12-21,1.0,773,-0.16835704134703888,0.7557495743542513,-0.5877852522924252
2020-12-22,1.0,774,-0.14448904956922068,0.9096319953545262,-0.9510565162951522
2020-12-23,1.0,775,-0.120536680255325,0.9898214418809315,-4.506947813116895e-14
2020-12-24,1.0,776,-0.09651392091451612,0.9898214418809336,0.9510565162951243
2020-12-25,1.0,777,-0.07243480016176596,0.9096319953545319,0.58778525229259
2020-12-28,1.0,778,-0.04831337952550616,0.7557495743542603,-0.5877852522924997
2020-12-29,1.0,779,-0.02416374523613398,0.5406408174555986,-0.9510565162951589
2020-12-30,1.0,780,-7.347880794884119e-16,0.2817325568414567,-6.663068956380144e-14
2020-12-31,1.0,781,0.02416374523613251,-1.963148762455295e-15,0.9510565162951529
2021-01-01,1.0,782,0.048313379525508245,-0.28173255684143317,0.5877852522925155
2021-01-04,1.0,783,0.07243480016176095,-0.540640817455578,-0.5877852522923903
2021-01-05,1.0,784,0.09651392091451466,-0.7557495743542443,-0.9510565162952006
2021-01-06,1.0,785,0.12053668025532355,-0.9096319953545218,2.5494936725182127e-14
2021-01-07,1.0,786,0.14448904956921926,-0.98982144188093,0.9510565162951462
2021-01-08,1.0,787,0.16835704134703744,-0.9898214418809351,0.587785252292533
2021-01-11,1.0,788,0.19212671735370473,-0.9096319953545247,-0.5877852522923729
2021-01-12,1.0,789,0.2157841967678069,-0.7557495743542487,-0.951056516295137
2021-01-13,1.0,790,0.23931566428755602,-0.5406408174556075,3.933725292549651e-15
2021-01-14,1.0,791,0.26270737819858614,-0.2817325568414398,0.9510565162951395
2021-01-15,1.0,792,0.2859456783986894,1.9604252476543067e-14,0.5877852522924585
2021-01-18,1.0,793,0.30901699437494845,0.2817325568414228,-0.5877852522924474
2021-01-19,1.0,794,0.331907853128527,0.5406408174555928,-0.9510565162951788
2021-01-20,1.0,795,0.3546048870425351,0.7557495743542372,-1.3131432386169885e-13
2021-01-21,1.0,796,0.3770948416883208,0.9096319953545172,0.951056516295168
2021-01-22,1.0,797,0.39936458356569354,0.9898214418809326,0.5877852522924759
2021-01-25,1.0,798,0.4214011077725279,0.9898214418809366,-0.58778525229243
2021-01-26,1.0,799,0.44319154559923785,0.9096319953545291,-0.9510565162951855
2021-01-27,1.0,800,0.46472317204376906,0.7557495743542558,-3.9188697572715304e-14
2021-01-28,1.0,801,0.48598341324260425,0.5406408174556168,0.9510565162951262
2021-01-29,1.0,802,0.5069598538135894,0.2817325568414501,0.5877852522925853
2021-02-01,1.0,803,0.5276402441061325,-8.823646760226826e-15,-0.5877852522925044
2021-02-02,1.0,804,0.5480125073546706,-0.2817325568414398,-0.9510565162951571
2021-02-03,1.0,805,0.5680647467311543,-0.5406408174555837,-6.074990900534779e-14
2021-02-04,1.0,806,0.5877852522924724,-0.7557495743542487,0.9510565162951196
2021-02-05,1.0,807,0.6071625078187113,-0.9096319953545247,0.5877852522924187
2021-02-08,1.0,808,0.6261851975383145,-0.9898214418809309,-0.587785252292487
2021-02-09,1.0,809,0.6448422127361695,-0.989821441880934,-0.9510565162951637
2021-02-10,1.0,810,0.6631226582407921,-0.9096319953545335,-8.231112043798026e-14
2021-02-11,1.0,811,0.6810158587867975,-0.7557495743542628,0.951056516295148
2021-02-12,1.0,812,0.6985113652489355,-0.5406408174556019,0.5877852522925282
2021-02-15,1.0,813,0.7155989607441203,-0.2817325568414604,-0.5877852522923777
2021-02-16,1.0,814,0.7322686665977735,-1.9569589560894117e-15,-0.9510565162951352
2021-02-17,1.0,815,0.7485107481711016,0.2817325568414294,-1.0387233187061274e-13
2021-02-18,1.0,816,0.7643157205458472,0.5406408174555746,0.9510565162951061
2021-02-19,1.0,817,0.7796743540632219,0.7557495743542416,0.5877852522926377
2021-02-22,1.0,818,0.7945776797137544,0.9096319953545201,-0.587785252292452
2021-02-23,1.0,819,0.8090169943749481,0.9898214418809336,-0.9510565162951771
2021-02-24,1.0,820,0.8229838658936556,0.9898214418809357,-1.254335433032452e-13
2021-02-25,1.0,821,0.8364701380102244,0.9096319953545262,0.9510565162950995
2021-02-26,1.0,822,0.8494679351215212,0.7557495743542513,0.5877852522924711
2021-03-01,1.0,823,0.8619696668800481,0.540640817455611,-0.5877852522924347
2021-03-02,1.0,824,0.8739680326265172,0.2817325568414435,-0.9510565162951837
2021-03-03,1.0,825,0.8854560256532096,-1.5684144757998355e-14,8.037892070735437e-14
2021-03-04,1.0,826,0.896426937295704,-0.28173255684141907,0.9510565162951631
2021-03-05,1.0,827,0.9068743608505445,-0.5406408174555895,0.5877852522924886
2021-03-08,1.0,828,0.9167921953165818,-0.7557495743542346,-0.5877852522924173
2021-03-09,1.0,829,0.9261746489577765,-0.9096319953545157,-0.9510565162951201
2021-03-10,1.0,830,0.935016242685415,-0.989821441880932,5.88177092747219e-14
2021-03-11,1.0,831,0.9433118132577426,-0.9898214418809371,0.9510565162951564
2021-03-12,1.0,832,0.9510565162951534,-0.9096319953545189,0.587785252292506
2021-03-15,1.0,833,0.9582458291091664,-0.7557495743542584,-0.5877852522923999
2021-03-16,1.0,834,0.964875553343551,-0.5406408174555961,-0.9510565162951969
2021-03-17,1.0,835,0.9709418174260519,-0.2817325568414539,-1.9011717760114263e-13
2021-03-18,1.0,836,0.9764410788292721,4.90353904168212e-15,0.9510565162951498
2021-03-19,1.0,837,0.9813701261394135,0.28173255684143594,0.5877852522925235
2021-03-22,1.0,838,0.9857260809316505,0.5406408174555803,-0.5877852522923823
2021-03-23,1.0,839,0.9895063994510509,0.7557495743542462,-0.9510565162952037
2021-03-24,1.0,840,0.9927088740980539,0.909631995354523,1.5695286409456948e-14
2021-03-25,1.0,841,0.9953316347176486,0.9898214418809304,0.9510565162951431
2021-03-26,1.0,842,0.9973731496914909,0.9898214418809346,0.587785252292541
2021-03-29,1.0,843,0.9988322268323268,0.9096319953545114,-0.5877852522925489
2021-03-30,1.0,844,0.9997080140801933,0.7557495743542654,-0.95105651629514
2021-03-31,1.0,845,0.9999999999999999,0.5406408174556051,-5.8659250231755276e-15
2021-04-01,1.0,846,0.9997080140801932,0.2817325568414642,0.9510565162951364
2021-04-02,1.0,847,0.9988322268323269,5.877066674634118e-15,0.5877852522923744
2021-04-05,1.0,848,0.9973731496914912,-0.2817325568414256,-0.5877852522925314
2021-04-06,1.0,849,0.9953316347176488,-0.5406408174555952,-0.9510565162951468
2021-04-07,1.0,850,0.9927088740980541,-0.7557495743542391,-2.7427136455808003e-14
2021-04-08,1.0,851,0.9895063994510511,-0.9096319953545184,0.9510565162951298
2021-04-09,1.0,852,0.9857260809316508,-0.9898214418809329,0.5877852522925758
2021-04-12,1.0,853,0.9813701261394139,-0.9898214418809362,-0.58778525229233
2021-04-13,1.0,854,0.9764410788292717,-0.909631995354516,-0.9510565162951534
2021-04-14,1.0,855,0.9709418174260523,-0.7557495743542538,-4.898834788844048e-14
2021-04-15,1.0,856,0.9648755533435524,-0.5406408174556142,0.9510565162951231
2021-04-16,1.0,857,0.9582458291091669,-0.28173255684144727,0.5877852522925932
2021-04-19,1.0,858,0.951056516295154,1.1764037039453651e-14,-0.5877852522924966
2021-04-20,1.0,859,0.943311813257743,0.2817325568414153,-0.9510565162951601
2021-04-21,1.0,860,0.9350162426854156,0.5406408174555862,-7.054955932107296e-14
2021-04-22,1.0,861,0.926174648957777,0.7557495743542321,0.9510565162951164
2021-04-23,1.0,862,0.9167921953165825,0.909631995354514,0.5877852522924267
2021-04-26,1.0,863,0.9068743608505452,0.9898214418809315,-0.587785252292479
2021-04-27,1.0,864,0.8964269372957047,0.9898214418809337,-0.9510565162951667
2021-04-28,1.0,865,0.8854560256532087,0.9096319953545088,1.3526290468952663e-13
2021-04-29,1.0,866,0.873968032626518,0.7557495743542609,0.9510565162951801
2021-04-30,1.0,867,0.8619696668800488,0.5406408174555993,0.5877852522924442
2021-05-03,1.0,868,0.8494679351215221,0.2817325568414576,-0.5877852522924616
2021-05-04,1.0,869,0.8364701380102273,-9.834313231374127e-16,-0.9510565162951734
2021-05-05,1.0,870,0.8229838658936565,-0.2817325568414322,-1.1367198218633791e-13
2021-05-06,1.0,871,0.8090169943749491,-0.5406408174555771,0.9510565162951031
2021-05-07,1.0,872,0.7945776797137554,-0.7557495743542436,0.5877852522926456
2021-05-10,1.0,873,0.7796743540632229,-0.9096319953545212,-0.5877852522924442
2021-05-11,1.0,874,0.7643157205458483,-0.9898214418809298,-0.9510565162951801
2021-05-12,1.0,875,0.7485107481711027,-0.9898214418809351,-1.3523319361897038e-13
2021-05-13,1.0,876,0.7322686665977721,-0.9096319953545132,0.9510565162951667
2021-05-14,1.0,877,0.7155989607441214,-0.7557495743542679,0.587785252292479
2021-05-17,1.0,878,0.6985113652489366,-0.5406408174556084,-0.5877852522924267
2021-05-18,1.0,879,0.6810158587867987,-0.28173255684144066,-0.9510565162951867
2021-05-19,1.0,880,0.6631226582407961,1.862453503722518e-14,7.05792703916292e-14
2021-05-20,1.0,881,0.6448422127361707,0.2817325568414219,0.9510565162951601
2021-05-21,1.0,882,0.6261851975383158,0.540640817455592,0.5877852522924965
2021-05-24,1.0,883,0.6071625078187126,0.7557495743542365,-0.5877852522924093
2021-05-25,1.0,884,0.5877852522924737,0.9096319953545169,-0.9510565162951231
2021-05-26,1.0,885,0.5680647467311556,0.9898214418809325,4.9018058958996725e-14
2021-05-27,1.0,886,0.548012507354672,0.9898214418809367,0.9510565162951534
2021-05-28,1.0,887,0.527640244106131,0.9096319953545177,0.587785252292514
2021-05-31,1.0,888,0.5069598538135909,0.7557495743542564,-0.5877852522923919
2021-06-01,1.0,889,0.48598341324260574,0.5406408174556174,-0.9510565162952
2021-06-02,1.0,890,0.46472317204377045,0.28173255684145104,-1.999168279168678e-13
2021-06-03,1.0,891,0.4431915455992424,-7.843929320908943e-15,0.9510565162951468
2021-06-04,1.0,892,0.42140110777252937,-0.2817325568414115,0.5877852522925314
2021-06-07,1.0,893,0.3993645835656982,-0.5406408174555829,-0.5877852522923744
2021-06-08,1.0,894,0.37709484168832225,-0.7557495743542482,-0.9510565162952067
2021-06-09,1.0,895,0.35460488704253657,-0.9096319953545242,5.895636093731769e-15
2021-06-10,1.0,896,0.3319078531285285,-0.9898214418809309,0.9510565162951401
2021-06-11,1.0,897,0.30901699437494995,-0.9898214418809341,0.5877852522925489
2021-06-14,1.0,898,0.28594567839868745,-0.9096319953545103,-0.587785252292541
2021-06-15,1.0,899,0.26270737819858764,-0.7557495743542635,-0.9510565162951431
2021-06-16,1.0,900,0.23931566428755757,-0.5406408174556265,-1.5665575338900706e-14
2021-06-17,1.0,901,0.21578419676780847,-0.2817325568414341,0.9510565162951334
2021-06-18,1.0,902,0.1921267173537063,2.548503303499671e-14,0.5877852522923823
2021-06-21,1.0,903,0.168357041347039,0.28173255684142845,-0.5877852522925235
2021-06-22,1.0,904,0.14448904956922434,0.5406408174555739,-0.9510565162951498
2021-06-23,1.0,905,0.12053668025532513,0.7557495743542224,-3.722678677153318e-14
2021-06-24,1.0,906,0.09651392091451624,0.9096319953545079,0.9510565162951268
2021-06-25,1.0,907,0.07243480016176254,0.9898214418809334,0.5877852522925837
2021-06-28,1.0,908,0.048313379525509834,0.9898214418809358,-0.5877852522923221
2021-06-29,1.0,909,0.02416374523613055,0.9096319953545148,-0.9510565162951564
2021-06-30,1.0,910,8.572527594031472e-16,0.7557495743542706,-5.878799820416566e-14
2021-07-01,1.0,911,-0.02416374523613239,0.5406408174555879,0.9510565162951201
2021-07-02,1.0,912,-0.04831337952550457,0.28173255684144444,0.5877852522926011
2021-07-05,1.0,913,-0.07243480016176436,-1.4704427318680473e-14,-0.5877852522924886
2021-07-06,1.0,914,-0.09651392091451454,-0.2817325568414181,-0.9510565162951631
2021-07-07,1.0,915,-0.1205366802553199,-0.5406408174555647,-8.034920963679814e-14
2021-07-08,1.0,916,-0.14448904956921912,-0.7557495743542525,0.9510565162951135
2021-07-09,1.0,917,-0.1683570413470373,-0.909631995354527,0.5877852522924347
2021-07-12,1.0,918,-0.1921267173537081,-0.9898214418809319,-0.5877852522924711
2021-07-13,1.0,919,-0.21578419676780333,-0.9898214418809372,-0.9510565162951697
2021-07-14,1.0,920,-0.23931566428755935,-0.9096319953545192,1.2546325437380146e-13
2021-07-15,1.0,921,-0.26270737819858603,-0.7557495743542776,0.9510565162951771
2021-07-16,1.0,922,-0.2859456783986893,-0.5406408174555969,0.587785252292452
2021-07-19,1.0,923,-0.30901699437494495,-0.28173255684145476,-0.5877852522924537
2021-07-20,1.0,924,-0.3319078531285303,3.923821602364237e-15,-0.9510565162951765
2021-07-21,1.0,925,-0.354604887042535,0.2817325568414078,-1.2347163250206308e-13
2021-07-22,1.0,926,-0.3770948416883174,0.5406408174556034,0.9510565162951001
2021-07-23,1.0,927,-0.39936458356569343,0.7557495743542455,0.5877852522926534
2021-07-26,1.0,928,-0.42140110777252787,0.9096319953545225,-0.5877852522924363
2021-07-27,1.0,929,-0.4431915455992409,0.9898214418809304,-0.9510565162951832
2021-07-28,1.0,930,-0.46472317204376584,0.9898214418809388,-1.4503284393469555e-13
2021-07-29,1.0,931,-0.4859834132426073,0.9096319953545238,0.9510565162951637
2021-07-30,1.0,932,-0.5069598538135893,0.7557495743542475,0.5877852522924869
2021-08-02,1.0,933,-0.5276402441061324,0.540640817455606,-0.5877852522924188
2021-08-03,1.0,934,-0.5480125073546676,0.28173255684146514,-0.9510565162951897
2021-08-04,1.0,935,-0.5680647467311571,6.856784113952001e-15,6.077962007590402e-14
2021-08-05,1.0,936,-0.5877852522924724,-0.2817325568413974,0.9510565162951571
2021-08-06,1.0,937,-0.6071625078187112,-0.5406408174555944,0.5877852522925044
2021-08-09,1.0,938,-0.6261851975383116,-0.7557495743542384,-0.5877852522924013
2021-08-10,1.0,939,-0.6448422127361694,-0.909631995354518,-0.9510565162951262
2021-08-11,1.0,940,-0.6631226582407946,-0.9898214418809287,3.9218408643271543e-14
2021-08-12,1.0,941,-0.6810158587867948,-0.9898214418809322,0.9510565162951504
2021-08-13,1.0,942,-0.698511365248938,-0.9096319953545046,0.5877852522925219
2021-08-16,1.0,943,-0.7155989607441202,-0.7557495743542545,-0.5877852522923839
2021-08-17,1.0,944,-0.7322686665977733,-0.5406408174556151,-0.951056516295203
2021-08-18,1.0,945,-0.7485107481710993,-0.28173255684147547,-2.0971647823259298e-13
2021-08-19,1.0,946,-0.7643157205458494,-1.763738983026824e-14,0.9510565162951438
2021-08-20,1.0,947,-0.7796743540632218,0.2817325568414416,0.5877852522925393
2021-08-23,1.0,948,-0.7945776797137544,0.5406408174555853,-0.5877852522923664
2021-08-24,1.0,949,-0.8090169943749459,0.7557495743542314,-0.9510565162952098
2021-08-25,1.0,950,-0.8229838658936555,0.9096319953545137,-3.904014221993409e-15
2021-08-26,1.0,951,-0.8364701380102263,0.9898214418809274,0.951056516295137
2021-08-27,1.0,952,-0.8494679351215193,0.9898214418809338,0.5877852522925567
2021-08-30,1.0,953,-0.8619696668800498,0.9096319953545091,-0.587785252292533
2021-08-31,1.0,954,-0.8739680326265171,0.7557495743542616,-0.9510565162951462
2021-09-01,1.0,955,-0.8854560256532095,0.5406408174556241,-2.5465225654625887e-14
2021-09-02,1.0,956,-0.8964269372957022,0.2817325568414313,0.9510565162951304
2021-09-03,1.0,957,-0.9068743608505458,-2.842542331422354e-14,0.5877852522923902
2021-09-06,1.0,958,-0.9167921953165818,-0.2817325568414313,-0.5877852522925155
2021-09-07,1.0,959,-0.9261746489577763,-0.5406408174555762,-0.9510565162951529
2021-09-08,1.0,960,-0.9350162426854138,-0.7557495743542243,-4.702643708725836e-14
2021-09-09,1.0,961,-0.9433118132577425,-0.9096319953545091,0.9510565162951237
2021-09-10,1.0,962,-0.9510565162951534,-0.9898214418809338,0.5877852522925917
2021-09-13,1.0,963,-0.9582458291091653,-0.9898214418809353,-0.5877852522923142
2021-09-14,1.0,964,-0.9648755533435519,-0.9096319953545137,-0.9510565162951595
2021-09-15,1.0,965,-0.9709418174260518,-0.7557495743542686,-6.858764851989085e-14
2021-09-16,1.0,966,-0.976441078829272,-0.5406408174556332,0.951056516295117
2021-09-17,1.0,967,-0.9813701261394129,-0.2817325568414416,0.5877852522926091
2021-09-20,1.0,968,-0.985726080931651,1.76448175979073e-14,-0.5877852522924807
2021-09-21,1.0,969,-0.9895063994510508,0.28173255684142096,-0.9510565162951661
2021-09-22,1.0,970,-0.9927088740980538,0.5406408174555672,-9.014885995252332e-14
2021-09-23,1.0,971,-0.9953316347176486,0.7557495743542545,0.9510565162951806
2021-09-24,1.0,972,-0.9973731496914913,0.9096319953545282,0.5877852522924426
2021-09-27,1.0,973,-0.9988322268323266,0.9898214418809322,-0.5877852522924633
2021-09-28,1.0,974,-0.999708014080193,0.9898214418809369,-0.9510565162951727
2021-09-29,1.0,975,-0.9999999999999999,0.909631995354518,1.1566360405807628e-13
2021-09-30,1.0,976,-0.9997080140801932,0.7557495743542757,0.951056516295174
2021-10-01,1.0,977,-0.9988322268323269,0.5406408174555944,0.58778525229246
2021-10-04,1.0,978,-0.9973731496914915,0.28173255684145193,-0.5877852522924458
2021-10-05,1.0,979,-0.9953316347176484,-6.8642118815910615e-15,-0.9510565162951794
2021-10-06,1.0,980,-0.9927088740980541,-0.28173255684141063,-1.3327128281778825e-13
2021-10-07,1.0,981,-0.9895063994510511,-0.5406408174555581,0.9510565162950971
2021-10-08,1.0,982,-0.9857260809316508,-0.7557495743542475,0.5877852522924775
2021-10-11,1.0,983,-0.9813701261394133,-0.9096319953545238,-0.5877852522924283
2021-10-12,1.0,984,-0.9764410788292724,-0.9898214418809308,-0.9510565162951861
2021-10-13,1.0,985,-0.970941817426053,-0.9898214418809385,-1.5483249425042073e-13
2021-10-14,1.0,986,-0.9648755533435514,-0.9096319953545225,0.9510565162951607
2021-10-15,1.0,987,-0.9582458291091669,-0.7557495743542455,0.5877852522924949
2021-10-18,1.0,988,-0.951056516295154,-0.5406408174556034,-0.5877852522924109
2021-10-19,1.0,989,-0.9433118132577444,-0.2817325568414623,-0.9510565162951927
2021-10-20,1.0,990,-0.9350162426854144,-3.9163938347251765e-15,5.0979969760178844e-14
2021-10-21,1.0,991,-0.926174648957777,0.28173255684140025,0.9510565162951541
2021-10-22,1.0,992,-0.9167921953165825,0.5406408174555969,0.5877852522925123
2021-10-25,1.0,993,-0.9068743608505452,0.7557495743542776,-0.5877852522925774
2021-10-26,1.0,994,-0.896426937295703,0.9096319953545192,-0.9510565162951292
2021-10-27,1.0,995,-0.8854560256532104,0.9898214418809291,2.941875832754637e-14
2021-10-28,1.0,996,-0.873968032626518,0.9898214418809399,0.9510565162951474
2021-10-29,1.0,997,-0.8619696668800488,0.909631995354527,0.5877852522925298
2021-11-01,1.0,998,-0.8494679351215221,0.7557495743542525,-0.587785252292376
2021-11-02,1.0,999,-0.8364701380102274,0.5406408174556125,-0.9510565162952062
2021-11-03,1.0,1000,-0.8229838658936586,0.2817325568414727,-2.1951612854831815e-13
2021-11-04,1.0,1001,-0.809016994374947,1.4696999551041415e-14,0.9510565162951407
2021-11-05,1.0,1002,-0.7945776797137555,-0.28173255684144444,0.5877852522925472
2021-11-08,1.0,1003,-0.779674354063223,-0.5406408174555879,-0.5877852522923586
2021-11-09,1.0,1004,-0.7643157205458483,-0.7557495743542706,-0.9510565162951425
2021-11-10,1.0,1005,-0.7485107481711005,-0.9096319953545148,-1.370366453771859e-14
2021-11-11,1.0,1006,-0.7322686665977747,-0.9898214418809276,0.951056516295134
2021-11-12,1.0,1007,-0.7155989607441215,-0.9898214418809334,0.5877852522925647
2021-11-15,1.0,1008,-0.6985113652489368,-0.9096319953545079,-0.587785252292525
2021-11-16,1.0,1009,-0.6810158587867987,-0.7557495743542596,-0.9510565162951492
2021-11-17,1.0,1010,-0.6631226582407961,-0.5406408174556215,-3.526487597035106e-14
2021-11-18,1.0,1011,-0.6448422127361735,-0.281732556841483,0.9510565162951273
2021-11-19,1.0,1012,-0.6261851975383131,-2.5477605267357653e-14,0.5877852522923982
2021-11-22,1.0,1013,-0.6071625078187126,0.2817325568414341,-0.5877852522925077
2021-11-23,1.0,1014,-0.5877852522924738,0.5406408174555788,-0.9510565162951559
2021-11-24,1.0,1015,-0.5680647467311557,0.7557495743542635,-5.682608740298354e-14
2021-11-25,1.0,1016,-0.5480125073546691,0.9096319953545103,0.9510565162951207
2021-11-26,1.0,1017,-0.5276402441061341,0.9898214418809341,0.5877852522925996
2021-11-29,1.0,1018,-0.506959853813591,0.9898214418809349,-0.5877852522923063
2021-11-30,1.0,1019,-0.4859834132426058,0.9096319953545123,-0.9510565162951625
2021-12-01,1.0,1020,-0.4647231720437706,0.7557495743542667,-7.838729883561602e-14
2021-12-02,1.0,1021,-0.44319154559924256,0.5406408174556308,0.951056516295114
2021-12-03,1.0,1022,-0.4214011077725327,0.2817325568414388,0.587785252292617
2021-12-06,1.0,1023,-0.3993645835656951,-2.0585207877134124e-14,-0.5877852522924728
2021-12-07,1.0,1024,-0.3770948416883224,-0.2817325568414238,-0.9510565162951692
2021-12-08,1.0,1025,-0.35460488704253673,-0.5406408174555697,-9.99485102682485e-14
2021-12-09,1.0,1026,-0.33190785312852866,-0.7557495743542564,0.9510565162951776
2021-12-10,1.0,1027,-0.30901699437494673,-0.9096319953545059,0.5877852522924505
2021-12-13,1.0,1028,-0.28594567839869106,-0.9898214418809327,-0.5877852522924554
2021-12-14,1.0,1029,-0.2627073781985878,-0.9898214418809365,-0.9510565162951758
2021-12-15,1.0,1030,-0.23931566428755768,-0.9096319953545169,1.0586395374235108e-13
2021-12-16,1.0,1031,-0.2157841967678051,-0.7557495743542738,0.951056516295171
2021-12-17,1.0,1032,-0.19212671735370987,-0.540640817455592,0.587785252292468
2021-12-20,1.0,1033,-0.16835704134704263,-0.2817325568414491,-0.5877852522924378
2021-12-21,1.0,1034,-0.14448904956922093,9.804602160817886e-15,-0.9510565162951825
2021-12-22,1.0,1035,-0.12053668025532525,0.28173255684141346,-1.4307093313351343e-13
2021-12-23,1.0,1036,-0.09651392091451637,0.5406408174555606,0.9510565162950941
2021-12-24,1.0,1037,-0.07243480016176267,0.7557495743542493,0.5877852522924855
2021-12-27,1.0,1038,-0.048313379525506406,0.909631995354525,-0.5877852522924204
2021-12-28,1.0,1039,-0.024163745236134224,0.9898214418809311,-0.9510565162951891
2021-12-29,1.0,1040,-9.797174393178826e-16,0.989821441880938,-1.646321445661459e-13
2021-12-30,1.0,1041,0.024163745236132267,0.9096319953545212,0.9510565162951576
2021-12-31,1.0,1042,0.048313379525508,0.7557495743542808,0.5877852522925029
2022-01-03,1.0,1043,0.0724348001617607,0.540640817455601,-0.587785252292403
2022-01-04,1.0,1044,0.09651392091451087,0.28173255684145954,-0.9510565162951958
2022-01-05,1.0,1045,0.1205366802553233,9.760035554983523e-16,4.118031944445366e-14
2022-01-06,1.0,1046,0.144489049569219,-0.281732556841403,0.951056516295151
2022-01-07,1.0,1047,0.1683570413470372,-0.5406408174555993,0.5877852522925203
2022-01-10,1.0,1048,0.19212671735370798,-0.7557495743542795,-0.5877852522925695
2022-01-11,1.0,1049,0.2157841967678067,-0.9096319953545206,-0.9510565162951322
2022-01-12,1.0,1050,0.2393156642875558,-0.9898214418809297,1.9619108011821184e-14
2022-01-13,1.0,1051,0.26270737819858586,-0.9898214418809396,0.9510565162951443
2022-01-14,1.0,1052,0.2859456783986891,-0.9096319953545258,0.5877852522925376
2022-01-17,1.0,1053,0.3090169943749482,-0.7557495743542506,-0.5877852522923681
2022-01-18,1.0,1054,0.3319078531285268,-0.5406408174556101,-0.9510565162952092
2022-01-19,1.0,1055,0.3546048870425315,-0.28173255684146986,-2.2931577886404333e-13
2022-01-20,1.0,1056,0.3770948416883205,-1.175660927181459e-14,0.9510565162951377
2022-01-21,1.0,1057,0.39936458356569327,0.2817325568413927,0.5877852522925552
2022-01-24,1.0,1058,0.4214011077725277,0.5406408174555903,-0.5877852522923506
2022-01-25,1.0,1059,0.4431915455992408,0.7557495743542725,-0.9510565162951455
2022-01-26,1.0,1060,0.46472317204376884,0.909631995354516,-2.3503314853443768e-14
2022-01-27,1.0,1061,0.4859834132426041,0.989821441880928,0.951056516295131
2022-01-28,1.0,1062,0.5069598538135892,0.989821441880933,0.5877852522925726
2022-01-31,1.0,1063,0.5276402441061324,0.9096319953545066,-0.5877852522925171
2022-02-01,1.0,1064,0.5480125073546704,0.7557495743542577,-0.9510565162951522
2022-02-02,1.0,1065,0.5680647467311541,0.5406408174556192,-4.506452628607624e-14
2022-02-03,1.0,1066,0.5877852522924722,0.2817325568414802,0.9510565162951243
2022-02-04,1.0,1067,0.6071625078187111,2.253721498813083e-14,0.5877852522924061
2022-02-07,1.0,1068,0.6261851975383116,-0.28173255684143694,-0.5877852522924997
2022-02-08,1.0,1069,0.6448422127361693,-0.5406408174555812,-0.9510565162951589
2022-02-09,1.0,1070,0.6631226582407946,-0.7557495743542654,-6.662573771870872e-14
2022-02-10,1.0,1071,0.6810158587867973,-0.9096319953545116,0.9510565162951177
2022-02-11,1.0,1072,0.6985113652489353,-0.9898214418809265,0.5877852522926075
2022-02-14,1.0,1073,0.7155989607441201,-0.9898214418809345,-0.5877852522922983
2022-02-15,1.0,1074,0.7322686665977732,-0.9096319953545111,-0.9510565162951655
2022-02-16,1.0,1075,0.7485107481711015,-0.7557495743542647,-8.81869491513412e-14
2022-02-17,1.0,1076,0.7643157205458471,-0.5406408174556282,0.951056516295111
2022-02-18,1.0,1077,0.7796743540632218,-0.28173255684143594,0.5877852522926249
2022-02-21,1.0,1078,0.7945776797137543,2.3525598156360946e-14,-0.5877852522924648
2022-02-22,1.0,1079,0.8090169943749459,0.2817325568414266,-0.9510565162951722
2022-02-23,1.0,1080,0.8229838658936554,0.5406408174555721,-1.0974816058397367e-13
2022-02-24,1.0,1081,0.8364701380102263,0.7557495743542584,0.9510565162951746
2022-02-25,1.0,1082,0.8494679351215212,0.9096319953545071,0.5877852522924585
2022-02-28,1.0,1083,0.861969666880048,0.989821441880933,-0.5877852522924474
2022-03-01,1.0,1084,0.8739680326265171,0.989821441880936,-0.9510565162951788
2022-03-02,1.0,1085,0.8854560256532095,0.9096319953545157,9.606430342662591e-14
2022-03-03,1.0,1086,0.8964269372957038,0.7557495743542718,0.951056516295168
2022-03-04,1.0,1087,0.9068743608505444,0.5406408174556373,0.5877852522924759
2022-03-07,1.0,1088,0.9167921953165832,0.2817325568414463,-0.58778525229243
2022-03-08,1.0,1089,0.9261746489577763,-1.2744992440044711e-14,-0.9510565162951855
2022-03-09,1.0,1090,0.9350162426854138,-0.28173255684141624,-1.5287058344923863e-13
2022-03-10,1.0,1091,0.9433118132577425,-0.5406408174555631,0.9510565162950911
2022-03-11,1.0,1092,0.9510565162951534,-0.7557495743542513,0.5877852522924933
2022-03-14,1.0,1093,0.9582458291091663,-0.9096319953545262,-0.5877852522924125
2022-03-15,1.0,1094,0.9648755533435509,-0.9898214418809315,-0.9510565162951922
2022-03-16,1.0,1095,0.9709418174260518,-0.9898214418809376,-1.744317948818711e-13
2022-03-17,1.0,1096,0.976441078829272,-0.9096319953545201,0.9510565162951546
2022-03-18,1.0,1097,0.9813701261394135,-0.7557495743542788,0.5877852522925108
